Time[s],Angle1[rad]
0.0,0.9964957364261624
0.0418936,1.000876512848668
0.0837872,1.0116626476259931
0.1256808,1.013879215776026
0.1675744,1.015100946252422
0.20946789999999998,1.016008517463459
0.2513615,1.0084337885098038
0.29325510000000005,1.0132334439527881
0.3351487,1.0072818712034874
0.3770423,1.0055016353664532
0.4189359,0.9988344776238348
0.4608295,0.9996547823722722
0.5027231,0.997560387269879
0.5446167000000001,1.0014699247943464
0.5865102000000001,1.0040181055022581
0.6284038000000001,1.0017840840597054
0.6702974,1.001906257107345
0.712191,0.9946631407115685
0.7540846,0.999689688957312
0.7959782000000001,0.9942093551060499
0.8378718,0.9945933275414885
0.8797654,0.9955358053375656
0.921659,0.9960594041131638
0.9635525,-0.7853981633974483
1.0054461000000001,-1.0359401775212342
1.0473397,-1.1337658820955163
1.0892333,-1.1987793967323053
1.1311269,-1.2348204457859882
1.1730205,-1.2669868639002437
1.2149140999999999,-1.2877737352914962
1.2568077000000002,-1.3072690630362727
1.2987013,-1.3163622284391632
1.3405948,-1.324669995678656
1.3824884,-1.343798804280514
1.424382,-1.345334694022269
1.4662756,-1.3525429038330057
1.5081692,-1.3557717629491952
1.5500627999999999,-1.3566444275751923
1.5919564000000002,-1.3596114873035827
1.63385,-1.35739491915355
1.6757436,-1.3568887736704716
1.7176371,-1.36046669863706
1.7595307,-1.3633464919028506
1.8014242999999999,-1.3631195991000913
1.8433179,-1.3595067675484631
1.8852114999999998,-1.3639049972634887
1.9271051000000001,-1.3598209268138222
1.9689987000000002,-1.3648300217670457
2.0108923,-1.362543640446933
2.0527859,-1.3666626174816399
2.0946794,-1.3655630600528834
2.136573,-1.3648649283520855
2.1784666,-1.362927612882372
2.2203602,-1.3591227951130243
2.2622538,-1.3663484582162808
2.3041473999999997,-1.3668546036993592
2.346041,-1.3624738272768533
2.3879346,-1.3653885271276838
2.4298281999999998,-1.3660168456584019
2.4717217000000002,-1.3643413295764875
2.5136153,-1.3673083893048776
2.5555089,-1.364463502624127
2.5974025000000003,-1.3697867568427098
2.6392961,-1.3689839053867923
2.6811897,-1.3672734827198378
2.7230833,-1.3646380355493264
2.7649769,-1.376139755319969
2.8068705,-1.3647776618894858
2.848764,-1.3619502285012552
2.8906576,-1.3665055378489603
2.9325512,-1.3673956557674776
2.9744448,-1.3730505225439391
3.0163384,-1.3729108962037797
3.058232,-1.3728061764486599
3.1001255999999997,-1.3766284475105275
3.1420192000000005,-1.3736090279045772
3.1839127,-1.3721604046254219
3.2258063000000003,-1.3675701886926768
3.2676999,-1.368181053930875
3.3095935,-1.37580814276209
3.3514871,-1.3785134031026813
3.3933807000000002,-1.3686348395363934
3.4352743,-1.3666451641891197
3.4771679,-1.370275449033268
3.5190615,-1.3726141902309403
3.560955,-1.3708165011013864
3.6028485999999997,-1.3621073081339348
3.6447422,-1.3686697461214332
3.6866358,-1.3701009161080686
3.7285293999999998,-1.3734344949793778
3.7704229999999996,-1.3765760876329676
3.8123166000000004,-1.3762793816601286
3.8542102000000003,-1.3722825776730616
3.8961038,-1.3681985072233946
3.9379973,-1.3747085853333336
3.9798909,-1.370607061591147
4.0217845,-1.3751798242313722
4.0636781,-1.3725443770608607
4.1055717000000005,-1.3692631580671115
4.1474653,-1.37273636327858
4.1893589,-1.3626483602020527
4.2312525,-1.3658074061481624
4.2731461,-1.365423433712724
4.3150396,-1.3664357246788805
4.3569332,-1.3653187139576042
4.3988268,-1.365615419930443
4.4407204,-1.366365911508801
4.482614,-1.3701183694005885
4.5245076,-1.369036265264352
4.5664012000000005,-1.3708688609789461
4.6082947999999995,-1.369106078434432
4.6501884,-1.3748831182585333
4.6920819,-1.379246441388519
4.7339755,-1.37577323617705
4.7758691,-1.3688966389241926
4.8177627,-1.3671862162572381
4.8596563,-1.365615419930443
4.9015499,-1.3635908379981299
4.943443500000001,-1.3696122239175101
4.9853371,-0.6233268890572549
5.0272307000000005,0.04605923896013035
5.0691242,0.2713288855150385
5.1110178,0.42943826245320477
5.1529114,0.5598143575771812
5.194805000000001,0.6736272780997313
5.2366985999999995,0.7674561786869466
5.2785922,0.9339431360346857
5.3204858,1.0411587119846974
5.3623794,1.168759733598003
5.404273,1.2679293416963207
5.4461665,1.3876240217980915
5.4880601,1.4844374354062173
5.5299537,1.6109563528832862
5.571847300000001,1.703912588844504
5.6137409,1.806974281174769
5.655634500000001,1.8843970867932378
5.6975281,1.9783307071355725
5.7394217,2.100364128435016
5.7813153,2.1830403751019873
5.823208800000001,2.305667208347109
5.8651024,2.489694724677391
5.906996,2.648851299166754
5.9488896,2.8286027588296503
5.9907832,2.8961819074668704
6.0326768,3.038269161871729
6.0745704,3.1802866031065076
6.116464,3.322618203606645
6.1583576,3.478720451905018
6.200251100000001,3.618102445969285
6.2421447,3.762720427789535
6.284038300000001,3.8777550787884816
6.3259319,3.9775879120025572
6.3678255,4.085344540020687
6.4097191,4.211112965919399
6.4516127,4.31838090174697
6.4935063,4.342187192744173
6.535399900000001,4.442491264856287
6.577293399999999,4.538205121035656
6.619187,4.65383318398028
6.6610806,4.808940594605016
6.7029742,4.944639943947576
6.7448678,5.043896818508493
6.7867614000000005,5.1454575276820425
6.8286549999999995,5.249374431345785
6.8705486,5.372664489706665
6.912442200000001,5.5255029723038085
6.9543357,5.645424545208338
6.9962293,5.772763767433845
7.0381229,5.87867034644486
7.0800165,6.006568074031005
7.1219101,6.145007590299196
7.163803700000001,6.322333042301819
7.2056973,6.502887353420633
7.2475909000000005,6.658361283188287
7.2894844999999995,6.771633151642719
7.331378,6.901904527011576
7.3732716,7.028056925345727
7.415165200000001,7.137349443105611
7.4570587999999995,7.264566492283477
7.4989524,7.407543864606853
7.540845999999999,7.511740020950915
7.5827396,7.610124230885836
7.624633200000001,7.686098413225148
7.6665268,7.777309319934372
7.7084203,7.891209506919521
7.7503139,8.004865347809393
7.792207500000001,8.099409833389926
7.8341011,8.204496107652504
7.875994700000001,8.337333117021792
7.9178882999999995,8.49196928874849
7.9597819,8.62133309290631
8.001675500000001,8.758795224793383
8.0435691,8.890445410271315
8.0854626,9.034661966363608
8.1273562,9.173101482631798
8.1692498,9.3264286574195
8.211143400000001,9.48598665763682
8.253037,9.607932812473665
8.2949306,9.755884373165223
8.336824199999999,9.893294145174739
8.3787178,10.034159669103198
8.4206114,10.162511182294862
8.4625049,10.345299514856228
8.504398499999999,10.485135294526016
8.5462921,10.642424366715742
8.5881857,10.740738763480584
8.6300793,10.872476215421116
8.6719729,10.98524193839247
8.7138665,11.123506921735462
8.7557601,11.257251502315787
8.7976536,11.39425984859734
8.839547200000002,11.537830632866394
8.8814408,11.702380274744419
8.9233344,11.833105435718794
8.965228,11.935434089763223
9.007121600000001,12.040659990365961
9.0490152,12.184736920118093
9.0909088,12.316840891201544
9.132802400000001,12.437530408976953
9.174695900000001,12.53628113805479
9.2165895,12.688020063223178
9.2584831,12.793804469186552
9.300376700000001,12.975737590414443
9.342270300000001,13.131403506399817
9.384163899999999,13.273071881784196
9.4260575,13.365958304575335
9.4679511,13.479806131682926
9.5098447,13.587266053728216
9.5517382,13.700956801203125
9.593631799999999,13.820686387889937
9.6355254,13.931427528928978
9.677419,14.034925553572242
9.7193126,14.166226673199775
9.7612062,14.271260587584793
9.8030998,14.370168396295313
9.8449934,14.449982302989014
9.886887000000002,14.559554073429217
9.9287805,14.659352000058252
9.9706741,14.756985718414816
10.0125677,14.89397661140385
10.054461300000002,15.019011999016724
10.0963549,15.132999452464475
10.1382485,15.277704700747323
10.1801421,15.430962062364946
10.222035700000001,15.583975077887288
10.2639293,15.733671967830842
10.3058228,15.86935386388088
10.3477164,16.049594015734336
10.389610000000001,16.1718194232515
10.431503600000001,16.309054662335814
10.473397199999999,16.443741720712215
10.5152908,16.57172671476096
10.5571844,16.706326506674763
10.599078,16.834119514505787
10.6409716,16.94712958357242
10.6828651,17.046526084473495
10.7247587,17.141506902367027
10.7666523,17.259473706509326
10.808545899999999,17.377248524433902
10.8504395,17.485057512329593
10.8923331,17.60841738386055
10.9342267,17.732806999650187
10.976120300000002,17.87292203200029
11.0180139,18.001325905069518
11.0599074,18.141772549977496
11.101801,18.290090629811974
11.143694600000002,18.407760727981433
11.1855882,18.514243265645607
11.2274818,18.637341337788765
11.269375400000001,18.745429578364778
11.311269000000001,18.848404004232442
11.3531626,18.9791989783769
11.3950562,19.14765815777939
11.4369497,19.29225868630712
11.478843300000001,19.440594219434118
11.5207369,19.574199173674284
11.5626305,19.702725219791148
11.6045241,19.81864998870861
11.6464177,19.95413989854093
11.6883113,20.071984529635586
11.7302049,20.18518658491994
11.7720985,20.28364060802494
11.813992,20.401450332534555
11.8558856,20.50786305702865
11.8977792,20.623072240952798
11.9396728,20.73292326407332
11.9815664,20.82163834995219
12.02346,20.92033671915247
12.0653536,21.036453474287654
12.1072472,21.180041711849228
12.1491408,21.32151810101589
12.1910343,21.442033085866097
12.2329279,21.54528676441408
12.2748215,21.731722835112116
12.3167151,21.891001582649118
12.358608700000001,22.017520500126185
12.400502300000001,22.15833366417709
12.4423959,22.32424466287167
12.484289500000001,22.47771146399953
12.5261831,22.60073972297261
12.568076600000001,22.742949150425112
12.6099702,22.910396038861446
12.6518638,23.03920133765863
12.6937574,23.219197143416803
12.735651,23.328524567761725
12.777544599999999,23.440330359644484
12.8194382,23.604635655427227
12.8613318,23.777754863932547
12.9032254,23.922826631358316
12.945118899999999,24.039920770874616
12.9870125,24.190839391294563
13.0289061,24.316119125002718
13.0707997,24.44818818950113
13.112693300000002,24.59329486351194
13.1545869,24.726655471656823
13.1964805,24.878621289627972
13.238374100000001,24.960983377029585
13.280267700000001,25.007496401595233
13.3221612,26.33738493173735
13.3640548,28.019480904931925
13.4059484,28.184013093517432
13.447842000000001,28.267858710783237
13.4897356,28.316221784356003
13.5316292,28.334198675651546
13.573522800000001,28.353118044743162
13.6154164,28.359750295900742
13.657309999999999,28.366836332663837
13.6992035,28.36868638167095
13.741097100000001,28.371356735426502
13.782990700000001,28.370501524093026
13.8248843,28.372875171875737
13.866777899999999,28.3731893311411
13.9086715,28.37868711828488
13.9505651,28.381200392407752
13.9924587,28.37572005855649
14.0343523,28.386104767605854
14.0762458,28.380833873264834
14.1181394,28.384952850299538
14.160033,28.37832059914196
14.2019266,28.38219523008139
14.2438202,28.385930234680657
14.2857138,28.38479577066686
14.327607400000002,28.385982594558214
14.369501,28.386087314313336
14.4113945,28.385720795170418
14.4532881,28.38409763896606
14.4951817,28.3845688778641
14.537075300000001,28.383556586897946
14.5789689,28.385842968218054
14.6208625,28.381915977401068
14.662756100000001,28.385808061633014
14.704649700000001,28.38233485642155
14.746543299999999,28.387151965157052
14.7884368,28.394238001920147
14.830330400000001,28.39125348889924
14.872224000000001,28.399072563948174
14.914117599999999,28.390886969756323
14.9560112,28.389455799769685
14.9979048,28.392195966695315
15.0397984,28.39415073545755
15.081691999999999,28.39181199425988
15.1235856,28.38790245673541
15.1654791,28.392702112178394
15.2073727,28.391951620600036
15.2492663,28.388862387824005
15.2911599,28.385214649687338
15.3330535,28.398863124437934
15.3749471,28.388670401606287
15.416840700000002,28.389577972817325
15.4587343,28.39067753024608
15.5006279,28.388722761483848
15.5425214,28.395128119838667
15.584415000000002,28.38840860221849
15.6263086,28.393958749239832
15.6682022,28.388844934531484
15.7100958,28.392213419987833
15.751989400000001,28.38746612442241
15.793883000000001,28.395023400083545
15.835776599999999,28.386977432231852
15.8776702,28.393330430709113
15.919563700000001,28.39352241692683
15.961457300000001,28.3976064873765
16.0033509,28.393784216314632
16.045244500000003,28.399962681866693
16.0871381,28.39687344909066
16.1290317,28.3903459176882
16.1709253,28.39676872933554
16.212818900000002,28.388722761483848
16.2547125,28.389787412327564
16.296606,28.386506193333812
16.3384996,28.39046809073584
16.3803932,28.391951620600036
16.422286800000002,28.38840860221849
16.4641804,28.393452603756753
16.506074,28.39355732351187
16.5479676,28.396629102995384
16.5898612,28.395197933008745
16.6317548,28.398828217852895
16.6736483,28.38603495443578
16.7155419,28.388757668068887
16.7574355,28.39367949655951
16.799329099999998,28.39984050881905
16.8412227,28.398479152002498
16.8831163,28.401254225513163
16.925009900000003,28.400905159662766
16.9669035,28.395826251539464
17.0087971,28.398164992737136
17.050690600000003,28.391480381702
17.0925842,28.398217352614694
17.134477800000003,28.398723498097773
17.1763714,28.393923842654793
17.218265,28.40432600499668
17.2601586,28.397292328111142
17.3020522,28.396629102995384
17.3439458,28.40292974159508
17.385839400000002,29.699866455459546
17.4277329,30.67414415050782
17.4696265,30.673795084657424
17.511520100000002,30.63126141078632
17.5534137,30.530712992578927
17.5953073,30.454948249749854
17.6372009,30.35082190657587
17.679094499999998,30.23062108099102
17.7209881,30.120176645924822
17.7628817,30.066333238500796
17.8047752,29.980620118935352
17.8466688,29.89914814945226
17.888562399999998,29.777690686805975
17.930456,29.675571472271788
17.9723496,29.531285103009417
18.014243200000003,29.420247255997534
18.0561368,29.32926324209107
18.0980304,29.213862071949205
18.139924,29.09488297684075
18.1818175,28.923875616730346
18.2237111,28.697576225916762
18.2656047,28.530548216500907
18.3074983,28.310933436722458
18.3493919,28.090760151583375
18.391285500000002,27.939632091653188
18.4331791,27.79309424765574
18.475072700000002,27.658494455741938
18.5169663,27.492059858271762
18.5588598,27.386415078648543
18.600753400000002,27.263526446015625
18.642647,27.151685747547823
18.684540600000002,27.032567026099215
18.7264342,26.933257791660736
18.768327799999998,26.78448592622074
18.8102214,26.675175955168335
18.852115,26.56548201168049
18.894008600000003,26.450342640926422
18.9359021,26.35726423191757
18.977795699999998,26.26306881218743
19.0196893,26.135328164233968
19.0615829,26.012823504036486
19.1034765,25.900057781065133
19.1453701,25.801970277103052
19.1872637,25.67611458474174
19.2291573,25.570923590724043
19.2710509,25.462643363930315
19.3129444,25.341884032984826
19.354838,25.187108234917968
19.3967316,24.99648337401515
19.4386252,24.849474291119666
19.480518800000002,24.748053208286276
19.5224124,24.63792293248543
19.564306000000002,24.455536025652027
19.6061996,24.25365379107384
19.648093199999998,24.15252941421329
19.689986700000002,24.028174705008695
19.7318803,23.904064341899378
19.773773900000002,23.79829738922852
19.8156675,23.684257575903214
19.857561099999998,23.58283649306982
19.8994547,23.46040164604242
19.9413483,23.337966799015014
19.983241900000003,23.215811204667933
20.0251355,23.081996810917527
20.067028999999998,22.98516594401688
20.108922600000003,22.885333110802808
20.1508162,22.73642161902265
20.1927098,22.610775366171577
20.2346034,22.492232603376124
20.276497,22.386657636922987
20.3183906,22.25263380366234
20.3602842,22.152539171060468
20.4021777,22.045410861573053
20.4440713,21.882920708212385
20.4859649,21.764343038831893
20.527858499999997,21.566824127383693
20.569752100000002,21.41190870297667
20.6116457,21.308375771748373
20.653539300000002,21.213010981419398
20.6954329,21.03460342528054
20.737326499999998,20.88480181558187
20.779220000000002,20.75480969289333
20.8211136,20.641450557976295
20.863007200000002,20.482363796657015
20.9049008,20.303519908205157
20.946794399999998,20.129056796175803
20.988688,19.93694840540879
21.0305816,19.807270441985608
21.0724752,19.647817161523406
21.1143688,19.513217369609606
21.156262299999998,19.370170184116148
21.198155900000003,19.237036468774022
21.2400495,19.09229631390613
21.2819431,18.946404241731923
21.3238367,18.807580753028297
21.3657303,18.679979731414992
21.4076239,18.502130680636768
21.449517500000002,18.400028919395098
21.4914111,18.27375434801331
21.5333046,18.11290480414951
21.5751982,18.016178657003987
21.617091799999997,17.906868685951583
21.658985400000002,17.77195473477242
21.700879,17.667828391598437
21.742772600000002,17.55633675898104
21.7846662,17.46132103450247
21.8265598,17.37740560406658
21.8684534,17.249699862698158
21.9103469,17.103895056986552
21.952240500000002,16.98744668929349
21.9941341,16.85803052525811
22.036027699999998,16.740063721115813
22.077921300000003,16.601502031799985
22.1198149,16.45081030418279
22.1617085,16.33540913404093
22.2036021,16.222643411069573
22.2454957,16.08224912603915
22.287389200000003,15.904469888431008
22.3292828,15.727685488496501
22.3711764,15.550290223323799
22.41307,15.416074403845434
22.4549636,15.264736904405007
22.496857199999997,15.14017275569017
22.538750800000003,14.988032404793824
22.5806444,14.877046917659506
22.622538000000002,14.756392306469138
22.6644315,14.644289808613543
22.706325099999997,14.460716077888778
22.748218700000002,14.335855223201104
22.7901123,14.23216521234012
22.832005900000002,14.141896783426974
22.8738995,14.046549446390523
22.9157931,13.958864104770328
22.9576867,13.83838402650516
22.9995803,13.735252521004815
23.0414738,13.610618559119901
23.0833674,13.475826780988378
23.125261,13.338294835931224
23.167154600000003,13.197342045540163
23.2090482,13.065552233722071
23.2509418,12.891682533638395
23.2928354,12.768287755522396
23.334729,12.648872328100945
23.3766226,12.50530154383189
23.4185161,12.325323191366236
23.4604097,12.21320324021812
23.5023033,12.090471687217878
23.5441969,11.950077402187455
23.586090499999997,11.81884609573
23.627984100000003,11.697144286988436
23.6698777,11.514251234671951
23.711771300000002,11.367713390674506
23.7536649,11.233026332298104
23.7955584,11.10500643166432
23.837452000000003,10.977126157370696
23.8793456,10.899424099071908
23.921239200000002,10.777443037650023
23.9631328,10.688256712873116
24.0050264,10.595806622394976
24.04692,10.481033770783828
24.0888136,10.333762888500546
24.1307072,10.202339595825373
24.1726007,10.06508690344854
24.2144943,9.958552005906805
24.256387900000004,9.841492772975545
24.2982815,9.691900602787111
24.3401751,9.551960103362207
24.3820687,9.402594825976532
24.4239623,9.274627285220308
24.465855899999998,9.059463095034445
24.507749500000003,8.905542508301066
24.549643,8.722684362569622
24.5915366,8.631909788173395
24.6334302,8.51985965019536
24.675323799999997,8.420498055879323
24.717217400000003,8.286509129203717
24.759111,8.114175318861799
24.801004600000002,8.019334127308426
24.8428982,7.903828237411441
24.8847918,7.760868318380586
24.926685300000003,7.6672837638886495
24.9685789,7.493326797342375
25.0104725,7.296453657717414
25.0523661,7.119477271565189
25.0942597,7.0184052545821975
25.136153300000004,6.890088647975575
25.178046900000002,6.782820712148003
25.2199405,6.660333505243041
25.2618341,6.524616702607962
25.3037276,6.606839163669415
25.345621200000004,7.637822606114986
25.3875148,7.8255676737520155
25.4294084,7.851782519116971
25.471302,7.886392398184018
25.5131956,7.880405918849677
25.555089199999998,7.902815946445284
25.596982800000003,7.925417960258611
25.6388764,7.920443771890427
25.6807699,7.95007946258929
25.7226635,7.9378621578253306
25.7645571,7.91632479485572
25.806450700000003,7.866338565078603
25.8483443,7.865640433377806
25.8902379,7.951301193065687
25.9321315,7.903339545220883
25.9740251,7.944826021540788
26.015918600000003,7.8761298621822915
26.0578122,7.888818405844289
26.0997058,7.88274466004735
26.1415994,7.877979911189405
26.183493,7.883477698333187
26.225386600000004,7.878154444114604
26.267280200000002,7.857594465526111
26.3091738,7.8875443154903335
26.3510674,7.861835615608458
26.3929609,7.935750309430417
26.4348545,7.869008918834154
26.476748100000002,7.867909361405398
26.5186417,7.8670366967794
26.5605353,7.869759410412511
26.6024289,7.869026372126674
26.644322499999998,7.86084077793482
26.686216100000003,7.878817669230362
26.7281097,7.889010392062009
26.7700032,7.859374701363146
26.8118968,7.858851102587547
26.8537904,7.883477698333187
26.895684000000003,7.937303652464692
26.9375776,7.884943774904863
26.9794712,7.866530551296322
27.0213648,7.844329963210955
27.0632584,7.955681969488192
27.105152,7.887404689150174
27.1470455,7.890546281803765
27.1889391,7.940724497798602
27.2308327,7.868398053595956
27.2727263,7.86399982388093
27.314619900000004,7.851642892776811
27.356513500000002,7.9351219908997
27.3984071,7.934074793348502
27.4403007,7.878067177652005
27.4821943,7.931631332395711
27.5240878,7.874838318535815
27.565981400000002,7.939921646342683
27.607875,7.872796283310981
27.6497686,7.87049244869835
27.6916622,7.937338559049732
27.733555799999998,7.862847906574614
27.775449400000003,7.934615845416621
27.817343,7.875484090359054
27.8592366,7.874820865243295
27.9011301,7.90724908274535
27.9430237,7.855255724328439
27.984917300000003,7.914125679998208
28.0268109,7.8882249938986115
28.0687045,7.889272191449808
28.1105981,7.944092983254951
28.1524917,7.888137727436012
28.194385300000004,7.933429021525265
28.236278900000002,7.881522929570953
28.2781724,7.930985560572473
28.320066,7.90710945640519
28.3619596,7.9428887060710744
28.4038532,7.937530545267451
28.445746800000002,7.852585370572887
28.4876404,7.90742361567055
28.529534,7.93484273821938
28.5714276,7.899360194526336
28.613321199999998,7.936727693811534
28.655214700000002,7.857524652356031
28.6971083,7.9409862971864005
28.7390019,7.933690820913064
28.7808955,7.9339177137158226
28.8227891,7.859147808560386
28.864682700000003,7.944092983254951
28.9065763,7.89476997859359
28.9484699,7.921787675414462
28.9903635,7.920984823958546
29.032257,7.86087568451986
29.074150600000003,7.85789117149895
29.1160442,7.858292597226909
29.1579378,7.915487036814763
29.1998314,7.856355281757196
29.241725,7.863685664615571
29.2836186,7.860037926478903
29.325512200000002,7.944860928125828
29.3674058,7.8572104930906725
29.4092993,7.937198932709572
29.4511929,7.935645589675297
29.4930865,7.943185412043913
29.534980100000002,8.58726426590738
29.5768737,8.628052610526488
29.618767300000002,8.467709212145769
29.6606609,8.319094426338452
29.702554499999998,8.355292555024814
29.744448100000003,8.327262567237785
29.7863416,8.330334346721296
29.828235199999998,8.381908826117728
29.8701288,8.394283210514368
29.9120224,8.677689774453206
29.953916000000003,9.022374848429566
29.9958096,9.423678403340624
30.0377032,9.76036986934285
30.0795968,10.025537742598349
30.1214904,10.10779511024484
30.163383900000003,10.238433004756617
30.2052775,10.25295414413321
30.2471711,10.218274451896082
30.2890647,10.171813787207993
30.3309583,10.057407454739764
30.3728519,9.432300329845475
30.414745500000002,9.432282876552954
30.4566391,8.719106437603031
30.498532700000002,8.425908576560506
30.540426200000002,8.432279028330285
30.5823198,8.403777801645216
30.624213400000002,8.400740928746746
30.666107,8.444269440291485
30.7080006,8.54411972679808
30.7498942,8.630862590622199
30.791787799999998,8.858767684347619
30.833681400000003,9.281032643575127
30.875575,9.647028187718337
30.9174685,9.980804953869733
30.9593621,10.126976278724257
31.0012557,10.214818699977132
31.043149300000003,10.24616481334295
31.0850429,10.21818718543348
31.1269365,10.110273477782671
31.1688301,9.963020048791911
31.2107237,9.688863729888642
31.2526173,9.203452758323978
31.2945108,8.706958946009152
31.3364044,8.607632258278153
31.378298,8.457307049803882
31.4201916,8.41205066229967
31.4620852,8.404615559686174
31.503978800000002,8.416885224327695
31.5458724,8.598905612018182
31.587766000000002,8.826513999770762
31.629659500000002,9.24897094521599
31.6715531,9.581979766496508
31.713446700000002,9.876032838872513
31.7553403,10.097008975467515
31.7972339,10.222271255883149
31.8391275,10.259464222243148
31.8810211,10.253163583643447
31.922914700000003,10.214015848521216
31.9648083,10.061177365924072
32.0067018,9.92034674858065
32.048595399999996,9.428198806103289
32.090489000000005,8.90744491718574
32.1323826,8.511691509296027
32.1742762,8.450587532183704
32.2161698,8.4277411722751
32.2580634,8.447027060509637
32.299957,8.50162095951202
32.3418506,8.471985268813155
32.3837441,8.705737215532755
32.4256377,9.062657047565596
32.4675313,9.494364238046392
32.5094249,9.777386829549794
32.5513185,10.007997183615805
32.5932121,10.165059363002774
32.635105700000004,10.242237822525963
32.6769993,10.265276168652289
32.7188929,10.269464958857077
32.7607864,10.195113932722116
32.80268,10.096345750351757
32.844573600000004,9.943420001292015
32.8864672,9.475340149199656
32.9283608,8.782287356525227
32.9702544,8.613531471149896
33.012148,8.501533693049419
33.0540416,8.428177504588097
33.0959352,8.396307792446681
33.1378287,8.4456831569856
33.1797223,8.562009351631023
33.221615899999996,8.811347088570933
33.2635095,9.14173791597346
33.30540310000001,9.537822936421051
33.3472967,9.86151169949592
33.3891903,10.081126479274367
33.4310839,10.19401437529336
33.4729775,10.252343278895012
33.514871,10.257858519331313
33.5567646,10.214923419732253
33.598658199999996,10.14160213785597
33.640551800000004,9.982585189706768
33.6824454,9.562205186071413
33.724339,9.069254392138134
33.7662326,8.745146750042787
33.8081262,8.502772876818335
33.850019800000005,8.488356457196861
33.8919133,8.431563443336966
33.9338069,8.402241911903461
33.9757005,8.425227898152228
34.017594100000004,8.479437824719172
34.0594877,8.564836785019253
34.1013813,8.69524778672827
34.143274899999994,9.070964814805087
34.1851685,9.55377524578428
34.227062100000005,9.886487361091959
34.268955600000005,10.125562562030144
34.3108492,10.217750853120483
34.3527428,10.247857782717386
34.3946364,10.208378435037275
34.43653,10.124567724356506
34.4784236,9.916402304471143
34.5203172,9.36269659927594
34.5622108,8.882120189739302
34.6041044,8.643324241481439
34.645997900000005,8.52005163641308
34.6878915,8.47004795334344
34.7297851,8.472386694541115
34.771678699999995,8.512337281119263
34.8135723,8.499142591974186
34.855465900000006,8.767417151298236
34.8973595,9.161250697010756
34.9392531,9.575871114114529
34.9811467,9.837443609110919
35.023040200000004,10.047825597146314
35.0649338,10.177189401304135
35.1068274,10.24660114565595
35.148721,10.283078527022631
35.1906146,10.29814071846734
35.2325082,10.260005274311267
35.2744018,10.178847464093531
35.3162954,9.944379932380611
35.358188999999996,9.717364956573709
35.400082499999996,9.251519125923902
35.4419761,8.85841861849722
35.48386970000001,8.671930187921626
35.5257633,8.545655616539836
35.5676569,8.47037956590132
35.6095505,8.496315158585956
35.6514441,8.453170619476657
35.693337699999994,8.573860137252064
35.7352313,8.900568319932882
35.777124799999996,9.328418332766773
35.819018400000004,9.69839322760453
35.860912,10.033374270939802
35.9028056,10.21888531713428
35.9446992,10.274823119660697
35.9865928,10.29273019778616
36.028486400000006,10.271908419809868
36.07038,10.194572880653999
36.1122736,10.024001852856593
36.1541671,9.780423702448264
36.196060700000004,9.046128779549209
36.2379543,8.66135349265454
36.2798479,8.60586947573364
36.321741499999995,8.524711665515904
36.3636351,8.471740922717876
36.405528700000005,8.456574011518045
36.4474223,8.401281980814865
36.4893159,8.563702321005456
36.5312094,8.605363330250562
36.573103,8.855660998279069
36.6149966,9.231744545498808
36.6568902,9.665773023884757
36.6987838,9.962636076356473
36.7406774,10.153452923477012
36.782571000000004,10.24955075209182
36.8244646,10.285487081390384
36.8663582,10.280582706192279
36.9082517,10.213928582058616
36.950145299999996,10.100255287876225
36.9920389,9.86489763824479
37.033932500000006,9.361631948432224
37.0758261,8.989370672274354
37.1177197,8.761727377936733
37.1596133,8.506193722152245
37.2015069,8.50741545262864
37.24340050000001,8.530279265829765
37.285294,8.589236487962134
37.327187599999995,8.742022610681717
37.369081200000004,9.08269342737849
37.410974800000005,9.614914129481642
37.4528684,9.879872563226902
37.494762,10.122386062791513
37.536655599999996,10.23721127428022
37.578549200000005,10.292939637296397
37.6204427,10.289047553064451
37.66233630000001,10.24665350553351
37.7042299,10.148635814741509
37.7461235,10.002691382689742
37.7880171,9.652875040712518
37.8299107,9.23692817337723
37.8718043,8.916241376615792
37.9136979,8.68620698120294
37.955591500000004,8.5689034021764
37.997485000000005,8.491201343877613
38.0393786,8.45797027491964
38.0812722,8.46078025501535
38.1231658,8.49514578798712
38.1650594,8.550123659424942
38.206953,8.766753926182478
38.2488466,9.18453338923236
38.2907402,9.67401097795417
38.3326338,9.970455151405407
38.374527300000004,10.161498891328707
38.4164209,10.263077053794776
38.4583145,10.266340819496005
38.5002081,10.206947265050639
38.5421017,10.047703424098676
38.583995300000005,9.59344657968211
38.6258889,9.090128529991988
38.6677825,8.721218285997946
38.709676099999996,8.52261727041351
38.7515696,8.523821547597388
38.7934632,8.475301394391945
38.8353568,8.456312212130246
38.8772504,8.431266737364128
38.919144,8.55672100399748
38.961037600000004,8.636674537031341
39.0029312,9.048258081236643
39.0448248,9.520579083411349
39.086718399999995,9.81189198886172
39.1286119,10.012081254065471
39.1705055,10.176718162406097
39.212399100000006,10.265276168652289
39.2542927,10.292468398398361
39.2961863,10.271472087496868
39.3380799,10.20904166015303
39.3799735,10.06768744403401
39.42186710000001,9.872036034885445
39.4637607,9.337790750849981
39.505654199999995,9.039252182296352
39.547547800000004,8.768638881774631
39.589441400000005,8.656937809646994
39.631335,8.450308279503385
39.6732286,8.475737726704944
39.715122199999996,8.468512063601686
39.757015800000005,8.519894556780399
39.7989094,8.677846854085887
39.840803,8.923467039719048
39.8826965,9.413869652944415
39.9245901,9.794700495729579
39.9664837,10.114584441035099
40.0083773,10.23431402772191
40.0502709,10.271681527007107
40.0921645,10.27122774140159
40.134058100000004,10.25567685776632
40.1759517,10.132351892820402
40.2178453,9.951326342803549
40.2597388,9.655004342399952
40.3016324,9.189507577600544
40.343526,8.796983028827018
40.3854196,8.558169627276635
40.4273132,8.521657339324914
40.4692068,8.477867028392376
40.511100400000004,8.388628343737906
40.552994,8.499840723674984
40.5948876,8.53190242203412
40.6367811,8.70139134569529
40.6786747,9.074787085866957
40.7205683,9.633100460287423
40.762461900000005,9.927066266200828
40.8043555,10.112088620204746
40.8462491,10.21239269231686
40.888142699999996,10.273706108939422
40.9300363,10.295348191664152
40.971929900000006,10.28032090680448
41.0138234,10.16624618689413
41.055716999999994,9.878231953730026
41.0976106,9.49544634218263
41.139504200000005,8.995845843799252
41.1813978,8.715022367153365
41.2232914,8.590126605880652
41.265184999999995,8.502249278042736
41.307078600000004,8.471810735887956
41.3489722,8.54446879264848
41.390865700000006,8.730136918475637
41.4327593,8.944986949396139
41.4746529,9.332502403216438
41.5165465,9.646033350044702
41.5584401,9.986599446986355
41.6003337,10.144289944904042
41.6422273,10.246740771996109
41.6841209,10.284544603594306
41.7260145,10.29543545812675
41.767908000000006,10.269604585197234
41.8098016,10.199459802559582
41.8516952,10.0275099646531
41.893588799999996,9.75077055845688
41.935482400000005,9.28989891617526
41.977376,8.778150926198
42.0192696,8.626516720784732
42.0611632,8.558309253616795
42.1030568,8.492178728258729
42.1449503,8.471758376010396
42.1868439,8.499770910504905
42.2287375,8.635714605942743
42.2706311,8.833093891050781
42.312524700000004,9.234327632791757
42.3544183,9.685512697724812
42.3963119,10.008049543493364
42.438205499999995,10.197522487089868
42.480099100000004,10.262780347821938
42.5219926,10.285155468832505
42.5638862,10.25845193127699
42.6057798,10.194031828585882
42.6476734,10.04939639347311
42.689567000000004,9.571403071229422
42.7314606,8.918056519037865
42.7733542,8.608208216931313
42.8152478,8.542740916689006
42.8571414,8.48264923054284
42.8990349,8.46446289973706
42.940928500000005,8.490660291809494
42.9828221,8.551851535384415
43.0247157,8.647198872420866
43.066609299999996,8.818415672041509
43.1085029,9.286879496569309
43.15039650000001,9.833970403899452
43.1922901,10.084076085710237
43.234183599999994,10.200088121090301
43.2760772,10.241557144117685
43.317970800000005,10.229758718374203
43.3598644,10.174519047548584
43.401758,10.090638523697736
43.443651599999995,9.909839866483644
43.485545200000004,9.580897662360274
43.527438800000006,9.137496765891113
43.5693324,8.752634212533843
43.6112259,8.674984514112616
43.6531195,8.542217317913407
43.6950131,8.354507156861416
43.7369067,8.470728631751719
43.7788003,8.523664467964707
43.8206939,8.610250252156145
43.862587500000004,8.766561939964758
43.9044811,9.216821980394256
43.9463747,9.690923218405995
43.9882682,10.007438678255166
44.0301618,10.200629173158418
44.072055399999996,10.265782314135368
44.113949,10.248119582105184
44.15584260000001,10.181256018461282
44.1977362,9.995134107028607
44.2396298,9.462215273224658
44.2815234,8.909783658383413
44.323417,8.689872172632127
44.3653105,8.552008615017096
44.4072041,8.496664224436355
44.449097699999996,8.37206516913648
44.490991300000005,8.564592438923974
44.5328849,8.724604224746814
44.5747785,8.88623916677401
44.6166721,9.54161030089788
44.6585657,9.872786526463804
44.700459300000006,10.075035280184906
44.7423528,10.203823125689567
44.78424640000001,10.27683024830049
44.82614,10.295138752153912
44.868033600000004,10.272728724558304
44.9099272,10.176718162406097
44.9518208,9.971781601636923
44.993714399999995,9.596500905873103
45.035608,9.026458918879234
45.077501600000005,8.812656085509929
45.119395100000006,8.55989750323611
45.1612887,8.493225925809925
45.2031823,8.366323035897418
45.2450759,8.472316881371034
45.2869695,8.442209951774132
45.32886310000001,8.579323017810808
45.3707567,9.099361321735037
45.4126503,9.544943879769189
45.4545439,9.998328059559755
45.496437400000005,10.150084438020663
45.538331,10.241487330947606
45.5802246,10.281298291185598
45.622118199999996,10.28962351171761
45.664011800000004,10.261087378447503
45.705905400000006,10.160608773410189
45.747799,9.970769310670766
45.7896926,9.777456642719873
45.8315862,9.35021749512418
45.873479700000004,8.856743102415304
45.9153733,8.652818832612287
45.9572669,8.59354745121456
45.9991605,8.520994114209156
46.041054100000004,8.469873420418242
46.0829477,8.457516489314122
46.1248413,8.471793282595437
46.1667349,8.509597114193634
46.2086285,8.659433630477347
46.250522,9.084281676997806
46.2924156,9.478272302343006
46.33430920000001,9.926909186568148
46.3762028,10.13875725117522
46.4180964,10.231992739816757
46.45999,10.24379116556024
46.5018836,10.220752819433914
46.5437772,10.085262909601592
46.5856708,10.059781102522477
46.627564299999996,9.481658241091875
46.669457900000005,9.054977598856821
46.7113515,8.660009589130505
46.7532451,8.578572526232449
46.7951387,8.47961235764437
46.8370323,8.478565160093174
46.878925900000006,8.529633494006527
46.9208195,8.685613569257262
46.9627131,8.868454261696186
47.0046066,9.33217079065856
47.046500200000004,9.86465329214951
47.0883938,10.127761676887657
47.1302874,10.224470370740661
47.172180999999995,10.257352373848233
47.214074600000004,10.236251343191624
47.255968200000005,10.167659903588245
47.2978618,10.073080511422672
47.3397554,9.855682299794259
47.3816489,9.413328600876298
47.4235425,9.009948104155367
47.4654361,8.80918288029846
47.5073297,8.632031961221035
47.5492233,8.532967072877838
47.5911169,8.481654392869205
47.6330105,8.47680237754866
47.6749041,8.4518092626601
47.7167977,8.500521402083262
47.7586912,8.651509835673291
47.800584799999996,9.019128536020858
47.842478400000005,9.653800065216075
47.884372000000006,10.016968175971055
47.9262656,10.200594266573379
47.9681592,10.264612943536532
48.0100528,10.261977496366018
48.0519464,10.229933251299403
48.09384,9.990892956946261
48.1357335,9.648302278072293
48.1776271,9.079708914357582
48.219520700000004,8.77198991393846
48.2614143,8.670848083785389
48.3033079,8.53806343429366
48.3452015,8.492178728258729
48.387095099999996,8.41779279553873
48.428988700000005,8.4461194892986
48.4708823,8.582516970341956
48.51277580000001,8.638227880065616
48.5546694,8.833896742506699
48.596563,9.24970398350183
48.6384566,9.688985902936281
48.6803502,9.96663288034354
48.7222438,10.109296093401555
48.7641374,10.206650559077799
48.806031000000004,10.23433148101443
48.847924500000005,10.24983000477214
48.8898181,10.211886546833782
48.9317117,10.086100667642551
48.9736053,9.96349128768995
49.0154989,9.637708129512689
49.057392500000006,9.105452520824496
49.0992861,8.765357662780882
49.1411797,8.580108415974204
49.1830733,8.581696665593519
49.224966800000004,8.480188316297529
49.2668604,8.474533449521067
49.308754,8.507694705308959
49.350647599999995,8.588573262846376
49.392541200000004,8.742162237021878
49.434434800000005,9.12875266633862
49.4763284,9.727173706969918
49.518222,10.059397130087037
49.560115599999996,10.205306655553764
49.602009100000004,10.267597456557441
49.6439027,10.275032559170937
49.6857963,10.24085901241689
49.7276899,10.139507742753578
49.7695835,9.887499652058116
49.8114771,9.5901130008108
49.8533707,9.255899902346407
49.8952643,8.858488431667299
49.9371579,8.642189777467642
49.979051399999996,8.540227642566133
50.020945,8.510766484792468
50.062838600000006,8.45235031472822
50.1047322,8.432104495405085
50.1466258,8.552113334772216
50.1885194,8.696696410007425
50.230413,8.993192943336222
50.27230660000001,9.431322945464359
50.3142002,9.869191148204695
50.356093699999995,10.066308633924935
50.397987300000004,10.205742987866762
50.4398809,10.264194064516053
50.4817745,10.290967415241646
50.5236681,10.279465695471004
50.565561699999996,10.220717912848874
50.607455300000005,10.067286018306051
50.6493489,9.860534315114803
50.6912425,9.400832043432018
50.733136,9.056688021523774
50.7750296,8.669661259894033
50.8169232,8.53842995343658
50.8588168,8.486611127944867
50.9007104,8.517643082045327
50.942604,8.571626115809512
50.984497600000005,8.848190989080534
51.0263912,9.344231015789841
51.0682848,9.782221391577819
51.1101783,10.005309376567732
51.1520719,10.19691162185167
51.1939655,10.260947752107343
51.235859100000006,10.263426119645176
51.2777527,10.228624254360408
51.3196463,10.074022989218749
51.361539900000004,9.75986372385977
51.4034335,9.444325648391716
51.4453271,8.994990632465775
51.4872206,8.680412488086318
51.5291142,8.546824987138672
51.571007800000004,8.475458474024624
51.612901400000005,8.383531982322083
51.654795,8.499683644042305
51.6966886,8.58414012654631
51.738582199999996,8.641875618202283
51.7804758,8.909312419485374
51.82236940000001,9.281713321983405
51.8642629,9.546427409633385
51.9061565,9.980071915583896
51.9480501,10.149979718265545
51.989943700000005,10.24024814717869
52.0318373,10.284562056886825
52.0737309,10.27128010127915
52.1156245,10.192548298721686
52.157518100000004,9.983737107013082
52.1994117,9.510421267164743
52.241305200000006,9.052673764244188
52.2831988,8.795639125302984
52.3250924,8.647181419128346
52.366986,8.511516976370826
52.4088796,8.46742995946545
52.45077320000001,8.41205066229967
52.4926668,8.469227648595004
52.534560400000004,8.56282965637946
52.576454,8.687882497284853
52.618347500000006,9.034836499288806
52.6602411,9.451638577957572
52.7021347,9.898861745488599
52.7440283,10.108720134748397
52.785921900000005,10.229776171666725
52.8278155,10.278523217674927
52.8697091,10.28936171232981
52.9116027,10.238293378416456
52.9534963,10.109749879007074
52.9953898,9.891269563242423
53.0372834,9.721187227635575
53.079177,9.272672516458073
53.1210706,8.892976137686707
53.162964200000005,8.66102188009666
53.2048578,8.50111481402894
53.2467514,8.482020912012123
53.288644999999995,8.465911523016214
53.330538600000004,8.492562700694169
53.3724321,8.566128328665728
53.4143257,8.801712871099923
53.4562193,9.321489375636355
53.4981129,9.795904772913454
53.540006500000004,10.060741033611073
53.5819001,10.21851879799136
53.6237937,10.268103602040519
53.6656873,10.256444802637196
53.7075809,10.183682026121554
53.7494744,10.00286591561494
53.791368000000006,9.71415355075004
53.8332616,9.25528903710821
53.8751552,8.820091188123424
53.917048799999996,8.63983358297745
53.9589424,8.548325970295387
54.00083600000001,8.490660291809494
54.0427296,8.459977403559435
54.0846232,8.452839006918778
54.1265167,8.47369569148011
54.168410300000005,8.569584080584677
54.2103039,8.71682005628292
54.2521975,8.974256120952084
54.294091099999996,9.401425455377696
54.335984700000004,9.900345275352795
54.3778783,10.100848699821903
54.4197719,10.196056410518194
54.4616655,10.251121548418615
54.503559,10.278645390722565
54.5454526,10.260075087481347
54.5873462,10.212637038412138
54.62923980000001,10.123956859118307
54.6711334,9.921306679669245
54.713027000000004,9.56958792880735
54.7549206,9.10194440902799
54.7968142,8.830877322900749
54.8387077,8.643655854039318
54.8806013,8.517241656317369
54.9224949,8.459767964049195
54.964388500000005,8.453065899721537
55.0062821,8.450796971693944
55.0481757,8.45467160263337
55.0900693,8.591069083676729
55.1319629,8.79021115132928
55.1738565,9.166940470372257
55.21575,9.642490331663153
55.2576436,9.952705152912625
55.2995372,10.122874754982073
55.341430800000005,10.220211767365797
55.3833244,10.274456600517778
55.425218,10.291997159500323
55.467111599999996,10.28899519318689
55.509005200000004,10.223911865380023
55.550898800000006,10.007019799234689
55.5927923,9.660729022346493
55.6346859,9.19106092063482
55.6765795,8.802882241698759
55.718473100000004,8.633131518649792
55.7603667,8.534118990184153
55.8022603,8.492178728258729
55.8441539,8.46411383388666
55.886047500000004,8.466470028376854
55.9279411,8.530104732904565
55.969834600000006,8.66477433798845
56.0117282,8.810718770040214
56.0536218,9.223785844109713
56.0955154,9.773616918365486
56.137409,10.054806914154291
56.17930260000001,10.191885073605928
56.2211962,10.23670512879714
56.2630898,10.214713980222013
56.3049834,10.064057159189863
56.346876900000005,9.750229506388763
56.3887705,9.423329337490225
56.4306641,8.980609119429344
56.472557699999996,8.725215089985012
56.514451300000005,8.58707227968966
56.5563449,8.498968059048988
56.5982385,8.465946429601255
56.6401321,8.417199383593053
56.6820257,8.491515503142972
56.7239192,8.737676740844252
56.7658128,9.246719470480919
56.8077064,9.561472147785576
56.8496,9.937608054882874
56.891493600000004,10.134777900480671
56.9333872,10.23387769540891
56.9752808,10.27719676744341
57.0171744,10.27122774140159
57.059068,10.224191118060343
57.1009615,10.075209813110106
57.1428551,9.81519066114799
57.1847487,9.439438726486133
57.2266423,9.031764719805295
57.2685359,8.755164939949236
57.3104295,8.63658727056874
57.3523231,8.531169383748283
57.3942167,8.47390513099035
57.4361103,8.480275582760129
57.4780038,8.487693232081105
57.519897400000005,8.659520896939945
57.561791,9.073251196125202
57.6036846,9.72621377588132
57.6455782,10.077304208212498
57.6874718,10.196894168559151
57.729365400000006,10.251662600486732
57.771259,10.250109257452458
57.8131526,10.195428091987475
57.8550461,10.056168270970849
57.896939700000004,9.702878723782156
57.9388333,9.348105646729268
57.9807269,8.865330122335118
58.022620499999995,8.67362315729606
58.064514100000004,8.495477400545
58.106407700000005,8.488513536829542
58.1483013,8.479926516909728
58.1901949,8.506699867635323
58.2320884,8.622921342525625
58.273982000000004,8.795516952255344
58.3158756,9.154618445853176
58.35776920000001,9.541069248829762
58.3996628,9.869767106857854
58.4415564,10.066291180632415
58.48345,10.199040923539103
58.5253436,10.265345981822367
58.5672372,10.293044357051519
58.6091307,10.281664810328516
58.651024299999996,10.241504784240126
58.692917900000005,10.01581625866474
58.734811500000006,9.56998935453531
58.7767051,9.01839549773502
58.8185987,8.693450097598715
58.8604923,8.60002262273946
58.902385900000006,8.50745035921368
58.9442795,8.484045493944436
58.986173,8.54761038530207
59.0280666,8.66475688469593
59.069960200000004,8.908422301566857
59.1118538,9.376135634516297
59.1537474,9.782343564625457
59.195641,10.02218671043452
59.237534600000004,10.191797807143328
59.279428200000005,10.265607781210168
59.3213218,10.287895635758135
59.36321530000001,10.253390476446208
59.4051089,10.150538223626182
59.4470025,9.98534280992492
59.4888961,9.824144200210721
59.5307897,9.484555487650185
59.5726833,8.980556759551783
59.6145769,8.723469760733018
59.656470500000005,8.638454772868375
59.6983641,8.550071299547382
59.7402576,8.483277549073557
59.7821512,8.470972977846998
59.8240448,8.51663079107917
59.8659384,8.55645920460968
59.907832000000006,8.676363324221692
59.9497256,8.970922542080773
59.9916192,9.500647423353573
60.0335128,9.852523253848151
60.0754064,10.1263130536085
60.1172999,10.22523831561154
60.1591935,10.276219383062292
60.201087099999995,10.287127690887258
60.242980700000004,10.220979712236673
60.284874300000006,10.034229482273279
60.3267679,9.709266628844455
60.3686615,9.151843372342507
60.410555099999996,8.7847133641855
60.452448600000004,8.614369229190853
60.4943422,8.533769924333754
60.5362358,8.47373059806515
60.5781294,8.458877846130678
60.620023,8.472980106486792
60.6619166,8.525043278073783
60.7038102,8.620582601327952
60.7457038,8.800683126841248
60.7875974,9.359171034186913
60.829490899999996,9.678164861573917
60.871384500000005,9.985936221870597
60.91327810000001,10.14544186221036
60.9551717,10.221241511624472
60.9970653,10.251208814881215
61.0389589,10.245711027737432
61.0808525,10.216982908249605
61.1227461,10.148897614129307
61.1646397,9.966126734860461
61.2065332,9.654376023869233
61.248426800000004,9.152244798070464
61.2903204,8.822953528096694
61.332214,8.650061212394137
61.3741076,8.526666434278138
61.4160012,8.475144314759264
61.457894800000005,8.477867028392376
61.4997884,8.464061474009101
61.541682,8.608103497176193
61.5835755,8.893726629265064
61.625469100000004,9.405561885704921
61.6673627,9.903382148251264
61.7092563,10.119192110260364
61.7511499,10.204416537635247
61.7930435,10.24014342742357
61.834937100000005,10.261593523930582
61.8768307,10.210978975622746
61.9187243,10.087147865193748
61.9606178,9.86425186642155
62.0025114,9.466212077211726
62.044405,8.96319073349444
62.086298600000006,8.672959932180301
62.1281922,8.576286144912336
62.1700858,8.492527794109128
62.2119794,8.472945199901751
62.253873,8.478076467902614
62.29576660000001,8.537382755885382
62.3376601,8.597038109718548
62.379553699999995,8.86164747761341
62.421447300000004,9.466054997579045
62.463340900000006,9.792553740749625
62.5052345,10.05560976561021
62.5471281,10.190680796422052
62.589021699999996,10.269028626544076
62.630915300000005,10.297844012494503
62.67280890000001,10.296535015555508
62.7147024,10.241818943505486
62.756596,10.124009218995868
62.7984896,9.737052270536205
62.8403832,9.235113030955157
62.8822768,8.772792765394378
62.9241704,8.601017460413097
62.966064,8.537138409790103
63.007957600000005,8.47366078489507
63.0498512,8.462839743532705
63.09174470000001,8.484394559794834
63.1336383,8.60332129502573
63.1755319,8.705370696389837
63.2174255,9.152995289648823
63.2593191,9.595157002349065
63.3012127,9.948446549537758
63.3431063,10.16032952072987
63.384999900000004,10.25216874596981
63.4268935,10.272030592857506
63.468787,10.27457877356542
63.5106806,10.235326318688067
63.5525742,10.118738324654844
63.5944678,9.93858543926399
63.636361400000006,9.7443128402245
63.678255,9.356500680431362
63.7201486,8.932717284754618
63.7620422,8.702787609096886
63.8039358,8.492929219837087
63.8458293,8.489438561333099
63.8877229,8.486872927332668
63.929616499999995,8.486872927332668
63.9715101,8.514134970248818
64.0134037,8.776964102306644
64.0552973,9.056426222135975
64.0971909,9.503195604061485
64.1390845,9.851057177276473
64.1809781,10.059519303134678
64.2228716,10.208535514669952
64.2647652,10.276673168667811
64.3066588,10.289099912942012
64.3485524,10.283392686287991
64.39044600000001,10.211502574398343
64.4323396,9.998746938580235
64.4742332,9.604546873724795
64.5161268,9.091699326318782
64.5580204,8.832709918615343
64.5999139,8.435455527568914
64.6418075,8.521151193841835
64.6837011,8.469890873710762
64.7255947,8.487989938053943
64.7674883,8.560595634936908
64.8093819,8.658927484994267
64.8512755,8.781816117627189
64.8931691,9.26118824997995
64.9350627,9.687013680881527
64.9769562,10.011714734922553
65.0188498,10.164780110322456
65.0607434,10.247683249792185
65.102637,10.27717931415089
65.1445306,10.260075087481347
65.1864242,10.138251105692142
65.2283178,9.995936958484524
65.27021140000001,9.752288994906115
65.312105,9.349309923913145
65.3539985,8.91969712853474
65.3958921,8.604019426726525
65.4377857,8.489351294870499
65.4796793,8.521308273474515
65.5215729,8.453327699109336
65.56346649999999,8.442314671529251
65.60536010000001,8.364176280917466
65.64725370000001,8.625801135791415
65.6891473,8.979038323102548
65.7310408,9.449369649929979
65.7729344,9.959389763947762
65.81482799999999,10.173943088895426
65.8567216,10.245990280417752
65.8986152,10.221154245161873
65.9405088,10.106363940258206
65.98240240000001,9.928881408622903
66.024296,9.738867412958278
66.0661895,9.314839671186258
66.1080831,8.908387394981817
66.1499767,8.5815919458384
66.19187029999999,8.526963140250977
66.23376390000001,8.486680941114948
66.27565750000001,8.48912440206774
66.3175511,8.534188803354233
66.3594447,8.66154547887226
66.4013383,8.810823489795334
66.44323179999999,9.229004378573176
66.4851254,9.520526723533788
66.527019,9.962862969159232
66.5689126,10.199320176219423
66.61080620000001,10.27128010127915
66.65269980000001,10.259918007848666
66.6945934,10.204748150193124
66.736487,10.03166384827285
66.7783806,9.743038749870546
66.82027409999999,9.358071476758155
66.8621677,8.860268667504334
66.90406130000001,8.507816878356598
66.9459549,8.529057535353369
66.9878485,8.468494610309167
67.0297421,8.45201870217034
67.0716357,8.454200363735332
67.1135293,8.557384229113238
67.1554229,8.67706145592249
67.19731639999999,9.263945870198102
67.23921000000001,9.723613235295847
67.28110360000001,10.005065030472455
67.3229972,10.180627699930564
67.3648908,10.257300013970676
67.4067844,10.287337130397498
67.448678,10.29011220390817
67.4905716,10.245571401397273
67.5324652,10.140607300182333
67.5743587,9.91722260921958
67.6162523,9.450888086379214
67.65814590000001,9.09548669079561
67.7000395,8.796529243221501
67.7419331,8.535061467980231
67.7838267,8.533717564456195
67.8257203,8.482614323957801
67.8676139,8.465754443383537
67.9095075,8.470903164676919
67.951401,8.45474141580345
67.9932946,8.687673057774614
68.03518820000001,8.958076918786096
68.0770818,9.431549838267118
68.1189754,9.786933780558202
68.160869,10.087252584948867
68.2027626,10.214364914371615
68.2446562,10.275364171728816
68.28654979999999,10.282712007879711
68.3284433,10.225936447312337
68.3703369,10.075279626280185
68.4122305,9.880204175784781
68.4541241,9.424254361993782
68.4960177,8.831418374968868
68.5379113,8.513838264275979
68.5798049,8.52554942355686
68.6216985,8.471130057479678
68.6635921,8.478408080460493
68.7054856,8.476889644011258
68.7473792,8.55042036539778
68.7892728,8.565412743672411
68.8311664,8.798623638323894
68.87306,9.063843871456953
68.91495359999999,9.62154638063922
68.9568472,9.995029387273487
68.99874080000001,10.180296087372685
69.0406344,10.262274202338858
69.0825279,10.291997159500323
69.1244215,10.290792882316447
69.1663151,10.242325088988563
69.2082087,10.118720871362324
69.2501023,9.852191641290272
69.29199589999999,9.489966008331368
69.33388950000001,9.04021211338495
69.3757831,8.82455923100853
69.4176767,8.543526314852402
69.4595702,8.521133740549315
69.5014638,8.461652919641349
69.54335739999999,8.460431189164954
69.585251,8.478861866066012
69.6271446,8.506333348492404
69.6690382,8.66695599955344
69.71093180000001,8.791171082417879
69.7528254,9.284889821222034
69.794719,9.648616437337653
69.8366125,10.063673186754423
69.8785061,10.229182759721047
69.92039969999999,10.268365401428317
69.96229330000001,10.26147135088294
70.00418690000001,10.182565015400277
70.0460805,10.025694822231026
70.08797410000001,9.759759004104652
70.1298677,9.231779452083847
70.1717613,8.926660992250197
70.2136548,8.680412488086318
70.2555484,8.61550369320465
70.297442,8.454409803245571
70.33933560000001,8.446869980876958
70.3812292,8.441913245801292
70.4231228,8.454270176905412
70.4650164,8.597107922888629
70.50691,8.65829916646355
70.5488036,8.98434412402861
70.5906971,9.605454444935832
70.63259070000001,9.995326093246327
70.6744843,10.176142203752937
70.71637790000001,10.265677594380247
70.7582715,10.291386294262125
70.8001651,10.275905223796933
70.8420587,10.212113439636541
70.8839523,10.05248562624914
70.9258459,9.841091347247586
70.96773940000001,9.36006115210543
71.00963300000001,8.760592913922938
71.0515266,8.567507138774804
71.0934202,8.513419385255501
71.1353138,8.457027797123564
71.1772074,8.459366538321236
71.219101,8.486611127944867
71.2609946,8.695230333435749
71.3028882,8.960328393521168
71.34478170000001,9.42495249369458
71.38667530000001,9.872542180368525
71.4285689,10.108528148530679
71.4704625,10.22188728344771
71.5123561,10.282450208491912
71.5542497,10.288349421363655
71.5961433,10.249987084404818
71.6380369,10.121530851458036
71.6799305,9.890536524956588
71.721824,9.521050322309387
71.7637176,9.018604937245259
71.8056112,8.712474186445453
71.8475048,8.577141356245814
71.8893984,8.488356457196861
71.931292,8.466208228989053
71.9731856,8.503366288764013
72.01507919999999,8.659817602912785
72.0569727,8.913536116275202
72.0988663,9.288013960583104
72.1407599,9.728290717691193
72.1826535,10.013023731861548
72.2245471,10.17910926348133
72.2664407,10.260197260528985
72.3083343,10.273618842476822
72.3502279,10.221066978699273
72.3921215,10.075698505300664
72.434015,9.880867400900536
72.4759086,9.640535562900919
72.5178022,9.113777741356511
72.5596958,8.748445422329057
72.6015894,8.614631028578652
72.64348299999999,8.494447656286322
72.6853766,8.482457244325122
72.7272702,8.53511382785779
72.7691638,8.59698574984099
72.8110573,8.790176244744242
72.8529509,9.320826150520597
72.8948445,9.661060634904372
72.9367381,9.99368548374945
72.9786317,10.158252578919996
73.02052529999999,10.25293669084069
73.06241890000001,10.263286493305015
73.1043125,10.230579023122642
73.1462061,10.107707843782242
73.1880996,9.884427872574607
73.2299932,9.469755095593273
73.27188679999999,8.936347569598766
73.3137804,8.692333086877438
73.35567400000001,8.575622919796578
73.3975676,8.50146387987934
73.43946120000001,8.470117766513521
73.4813548,8.48291102993064
73.5232484,8.524048440400145
73.5651419,8.696888396225145
73.6070355,9.163833784303707
73.64892909999999,9.48891881078017
73.69082270000001,9.902544390210307
73.7327163,10.096729722787197
73.7746099,10.204940136410846
73.81650350000001,10.248573367710703
73.8583971,10.264316237563692
73.9002907,10.240283053763731
73.9421842,10.051298802357785
73.9840778,9.823655508020165
74.0259714,9.382715525796316
74.06786500000001,8.819777028858065
74.1097586,8.668090463567237
74.1516522,8.546615547628432
74.19354580000001,8.479786890569569
74.2354394,8.451146037544342
74.277333,8.462612850729945
74.3192265,8.4889149625575
74.36112010000001,8.595990912167352
74.4030137,8.771658301380581
74.44490730000001,9.109414418226525
74.4868009,9.499425692877178
74.5286945,9.819204918427578
74.5705881,10.047354358248278
74.6124817,10.193787482490603
74.6543753,10.267073857781844
74.69626880000001,10.27691751476309
74.73816240000001,10.242778874594082
74.780056,10.067006765625733
74.82194960000001,9.764104873942117
74.8638432,9.296094835019836
74.9057368,8.929278986128189
74.9476304,8.71657571018764
74.989524,8.5563893914396
75.0314176,8.495791559810359
75.07331110000001,8.456469291762925
75.1152047,8.462228878294507
75.1570983,8.520784674698916
75.1989919,8.61499754772157
75.2408855,8.788832341220205
75.2827791,9.050527009264236
75.3246727,9.500839409571292
75.3665663,9.8432904621051
75.4084599,10.115282572735897
75.45035340000001,10.236076810266425
75.492247,10.262989787332176
75.5341406,10.225657194632017
75.5760342,10.131322148561724
75.6179278,9.93877742548171
75.6598214,9.768101677929184
75.701715,9.328435786059293
75.7436086,8.915508338329955
75.78550220000001,8.678318092983925
75.8273957,8.505513043743965
75.8692893,8.47989161032469
75.9111829,8.474882515371466
75.9530765,8.508654636397555
75.9949701,8.585274590560106
76.0368637,8.79419050202383
76.07875729999999,9.146188505566045
76.1206509,9.580129717489394
76.16254450000001,9.937119362692314
76.204438,10.078438672226296
76.2463316,10.19710360806939
76.2882252,10.252116386092252
76.3301188,10.265712500965288
76.3720124,10.223737332454824
76.413906,10.115823624804015
76.4557996,9.930364938487097
76.4976932,9.448479532011461
76.53958680000001,8.95069417605016
76.5814803,8.717151668840799
76.6233739,8.585047697757348
76.6652675,8.492702327034328
76.7071611,8.451390383639621
76.74905469999999,8.472142348445836
76.79094830000001,8.535654879925909
76.8328419,8.63070551098952
76.8747355,8.870164684363141
76.91662910000001,9.296827873305675
76.9585226,9.684343327125976
77.0004162,10.027405244897983
77.0423098,10.16329658045826
77.0842034,10.247787969547305
77.126097,10.257579266650994
77.16799060000001,10.242010929723204
77.2098842,10.19089023593229
77.2517778,10.100988326162064
77.29367140000001,9.897465482087004
77.3355649,9.521120135479466
77.37745849999999,9.12280109358932
77.41935210000001,8.865295215750077
77.4612457,8.680970993446955
77.5031393,8.540663974879132
77.54503290000001,8.483155376025918
77.5869265,8.458860392838158
77.6288201,8.397634242678196
77.6707136,8.545254190811878
77.7126072,8.807507364216544
77.7545008,9.210835501059915
77.79639440000001,9.653677892168435
77.838288,10.04030322807022
77.8801816,10.19390965553824
77.92207520000001,10.260144900651426
77.9639688,10.268923906788956
78.0058624,10.22523831561154
78.0477559,10.125772001540382
78.08964950000001,9.933785783821005
78.1315431,9.73200826899794
78.17343670000001,9.323182345010789
78.2153303,8.929628051978588
78.2572239,8.683309734644629
78.2991175,8.552479853915134
78.3410111,8.48901968231262
78.3829047,8.468494610309167
78.42479820000001,8.517224203024847
78.4666918,8.627127586022931
78.5085854,8.775620198782608
78.55047900000001,9.017889352251942
78.5923726,9.441184055738127
78.6342662,9.72626613575888
78.6761598,10.024281105536913
78.7180534,10.186230206829466
78.759947,10.251173908296176
78.80184050000001,10.266218646448365
78.8437341,10.266271006325926
78.8856277,10.207732663214037
78.9275213,10.058105586440563
78.9694149,9.806917800493538
79.0113085,9.309708403185395
79.0532021,8.862589955409486
79.0950957,8.660533187906102
79.1369893,8.555307287303364
79.17888280000001,8.49858408661355
79.2207764,8.469105475547366
79.26267,8.471042791017078
79.3045636,8.533857190796354
79.3464572,8.615940025517647
79.3883508,8.866551852811513
79.43024439999999,9.164427196249385
79.472138,9.521661187547586
79.51403160000001,9.934239569426525
79.5559251,10.12339835375767
79.5978187,10.21904239676696
79.6397123,10.25284942437809
79.6816059,10.268505027768478
79.7234995,10.261942589780979
79.7653931,10.214609260466894
79.80728669999999,10.115422199076056
79.84918030000001,9.793077339525222
79.89107390000001,9.297019859523393
79.9329674,8.861996543463809
79.974861,8.647460671808666
80.0167546,8.541344653287409
80.0586482,8.468983302499725
80.1005418,8.480502475562888
80.14243540000001,8.469105475547366
80.184329,8.484446919672395
80.2262226,8.568170363890562
80.26811620000001,8.79347491703051
80.3100097,9.147829115062919
80.3519033,9.783966720829813
80.3937969,10.081266105614528
80.43569049999999,10.204975042995885
80.4775841,10.268347948135798
80.51947770000001,10.275765597456775
80.5613713,10.236984381477459
80.6032649,10.168480208336684
80.64515850000001,10.04925676713295
80.687052,9.850027433017798
80.7289456,9.389330323661376
80.7708392,8.903360846736074
80.8127328,8.689523106781728
80.8546264,8.602535896862332
80.89652000000001,8.5072060131184
80.9384136,8.453519685327056
80.9803072,8.490799918149655
81.02220080000001,8.521378086644594
81.0640943,8.616777783558604
81.10598789999999,9.105871399844975
81.14788150000001,9.689718941222118
81.1897751,10.017264881943895
81.2316687,10.179161623358889
81.27356230000001,10.245850654077591
81.3154559,10.19389220224572
81.3573495,10.063516107121744
81.3992431,9.956125998246533
81.4411366,9.500856862863813
81.4830302,9.020001200646854
81.52492380000001,8.740312188014764
81.5668174,8.58134759974312
81.608711,8.505373417403806
81.65060460000001,8.4706239119966
81.6924982,8.477692495467176
81.7343918,8.443623668468247
81.77628539999999,8.455910786402287
81.8181789,8.842518669011552
81.8600725,9.380935289959282
81.90196610000001,9.807633385486856
81.9438597,9.967278652166776
81.9857533,10.119209563552884
82.02764690000001,10.20291555447853
82.0695405,10.255449964963562
82.1114341,10.278348684749725
82.15332769999999,10.242831234471641
82.1952212,10.144220131733963
82.2371148,9.962426636846232
82.27900840000001,9.716928624260712
82.320902,9.319115727853644
82.3627956,9.037629026091997
82.40468919999999,8.75345451728228
82.4465828,8.606427981094278
82.4884764,8.519109158617002
82.53036999999999,8.469157835424925
82.5722635,8.459610884416515
82.6141571,8.45186162253766
82.65605070000001,8.595432406806715
82.6979443,8.897636166789532
82.7398379,9.306060665048724
82.78173149999999,9.688235411357924
82.8236251,10.055155980004692
82.8655187,10.11100651606851
82.9074123,10.22462745037334
82.9493058,10.260755765889623
82.9911994,10.260459059916784
83.033093,10.210699722942426
83.0749866,10.090376724309937
83.1168802,9.920800534186167
83.15877379999999,9.410728060290825
83.2006674,8.90779398303614
83.24256100000001,8.59658432411303
83.28445450000001,8.55984514335855
83.3263481,8.484795985522792
83.3682417,8.431214377486567
83.4101353,8.437270669990989
83.4520289,8.357194963909487
83.4939225,8.474306556718307
83.53581609999999,8.675874632031134
83.57770970000001,9.20914253168548
83.61960330000001,9.70184897952348
83.6614968,10.03745834138947
83.7033904,10.090254551262298
83.745284,10.21274175816726
83.78717759999999,10.255223072160803
83.8290712,10.226669485598174
83.87096480000001,10.173402036827309
83.9128584,9.84644950805121
83.954752,9.654847262767273
83.99664560000001,8.939105189816917
84.0385391,8.603495827950928
84.0804327,8.632119227683635
84.1223263,8.498863339293868
84.16421989999999,8.43662489816775
84.20611350000001,8.443780748100927
84.24800710000001,8.354978395759455
84.2899007,8.43393709111968
84.3317943,8.597317362398867
84.37368790000001,8.9749717059454
84.4155814,9.614058918148165
84.457475,9.888319956806553
84.4993686,10.088003076527224
84.5412622,10.200995692301339
84.5831558,10.257893425916354
84.62504940000001,10.26789416253028
84.666943,10.254734379970243
84.7088366,10.152510445680935
84.7507302,10.02513631687039
84.7926237,9.838106834226677
84.8345173,9.342188980565009
84.87641090000001,8.973139110230807
84.9183045,8.637739187875058
84.9601981,8.642050151127483
85.00209170000001,8.489072042190179
85.0439853,8.481479859944004
85.0858789,8.473940037575389
85.1277725,8.631839975003315
85.16966599999999,8.717797440664036
85.2115596,9.105173268144178
85.25345320000001,9.46115062238094
85.2953468,9.895388540277132
85.3372404,10.002150330621625
85.37913400000001,10.152876964823854
85.4210276,10.240754292661768
85.4629212,10.27737130036861
85.50481479999999,10.26155861734554
85.5467083,10.209687431976269
85.5886019,10.08658935983311
85.63049550000001,9.875561599974475
85.6723891,9.552728048233083
85.7142827,9.210242089114237
85.7561763,8.774660267694012
85.7980699,8.588171837118416
85.8399635,8.503418648641572
85.88185709999999,8.46758703909813
85.9237506,8.432471014548003
85.9656442,8.484673812475155
86.00753780000001,8.666868733090842
86.0494314,8.773630523435335
86.091325,9.123603945045238
86.13321859999999,9.532761481590269
86.1751122,9.88055324163518
86.2170058,10.112437686055145
86.25889939999999,10.217035268127166
86.3007929,10.263495932815253
86.3426865,10.264525677073932
86.38458010000001,10.212200706099141
86.4264737,10.102349682978618
86.4683673,9.75459282951875
86.51026089999999,9.119921300323531
86.5521545,8.70769198429499
86.5940481,8.515967565963411
86.6359417,8.536248291871587
86.6778352,8.447672832332874
86.7197288,8.472491414296233
86.7616224,8.480118503127448
86.803516,8.601034913705616
86.8454096,8.699646016443294
86.88730319999999,9.134180640312325
86.92919680000001,9.724259007119086
86.97109040000001,9.930853630677655
87.012984,10.158636551355436
87.0548775,10.249009700023702
87.0967711,10.270477249823232
87.13866469999999,10.247491263574467
87.1805583,10.164134338499217
87.2224519,10.038173926382786
87.2643455,9.722880197010012
87.30623910000001,9.044435810174775
87.34813270000001,8.645977141944469
87.3900263,8.588032210778257
87.4319198,8.507380546043601
87.4738134,8.459907590389355
87.51570699999999,8.457289596511362
87.5576006,8.434984288670876
87.59949420000001,8.675089233867736
87.6413878,8.944079378185101
87.68328140000001,9.426348757096175
87.72517500000001,9.815016128222792
87.7670686,10.039413110151703
87.8089621,10.215830990943289
87.8508557,10.265921940475526
87.89274929999999,10.265276168652289
87.93464290000001,10.204591070560445
87.97653650000001,10.098178346066351
88.0184301,9.924430819030317
88.0603237,9.53234260256979
88.1022173,9.15662557449297
88.1441109,8.789547926213523
88.1860044,8.71350393070413
88.227898,8.557331869235677
88.2697916,8.471269683819838
88.31168520000001,8.438195694494546
88.35357880000001,8.446922340754517
88.3954724,8.562375870773941
88.437366,8.71099065658126
88.4792596,9.278379743112094
88.5211532,9.720733442030058
88.5630467,10.017474321454133
88.60494030000001,10.19078551617717
88.6468339,10.255519778133639
88.6887275,10.270739049211032
88.73062110000001,10.238398098171576
88.7725147,10.154622294075848
88.8144083,9.994331255572689
88.8563019,9.681376267397585
88.8981955,9.029792497750543
88.94008900000001,8.753227624479521
88.98198260000001,8.579532457321045
89.0238762,8.486995100380307
89.0657698,8.449522881339988
89.1076634,8.443571308590688
89.149557,8.436031486222072
89.1914506,8.533159059095556
89.2333442,8.680011062358359
89.2752377,8.921215564983976
89.3171313,9.33201371102588
89.35902490000001,9.837530875573519
89.4009185,10.044806177540364
89.4428121,10.181605084311682
89.4847057,10.253652275834007
89.5265993,10.258399571399432
89.5684929,10.160451693777508
89.61038649999999,9.968849448493572
89.65228,9.460871369700621
89.6941736,8.971725393536692
89.73606720000001,8.727257125209846
89.7779608,8.535654879925909
89.8198544,8.47931565167153
89.861748,8.499962896722625
89.9036416,8.534747308714872
89.9455352,8.589411020887333
89.98742879999999,8.764764250835205
90.0293223,9.041852722881822
90.0712159,9.45191783063789
90.11310950000001,9.78140108682938
90.1550031,10.039256030519024
90.1968967,10.195881877592996
90.23879029999999,10.26806869545548
90.2806839,10.27698732793317
90.32257750000001,10.263687919032975
90.3644711,10.195218652477237
90.4063646,10.084145898880317
90.4482582,9.854408209440303
90.4901518,9.516093587233723
90.5320454,9.458742068013189
90.573939,9.43622732066246
90.61583259999999,9.393571473743721
90.65772620000001,9.348768871845026
90.69961980000001,9.309970202573194
90.7415134,9.268082300525329
90.7834069,9.229911949784213
90.8253005,9.194534125846287
90.86719409999999,9.158632703132763
90.9090877,9.108855912865886
90.9509813,9.062238168545116
90.9928749,9.01511427874127
91.03476850000001,8.968199828447663
91.07666210000001,8.922140589487533
91.1185557,8.88609954043385
91.1604492,8.843688039610388
91.2023428,8.80628563374015
91.24423639999999,8.767958203366353
91.28613,8.732283673455589
91.32802360000001,8.74408209919907
91.3699172,8.707866517220188
91.41181080000001,8.589725180152692
91.4537044,8.60913324143487
91.495598,8.568257630353163
91.5374915,8.474847608786426
91.5793851,8.397145550487638
91.62127869999999,8.444740679189524
91.66317230000001,8.40238153824362
91.70506590000001,8.355257648439775
91.7469595,8.324382773971994
91.7888531,8.296056080212127
91.8307467,8.316127366610061
91.8726403,8.217306824362142
91.9145338,8.243312230216858
91.9564274,8.208440551762012
91.998321,8.188753237799515
92.04021460000001,8.154701864093106
92.08210820000001,8.127684167272234
92.1240018,8.100998083009241
92.1658954,8.077401231522277
92.207789,8.058307329505459
92.2496826,8.037660084454366
92.29157610000001,7.995702369236422
92.33346970000001,8.00214263417628
92.3753633,7.988930491738685
92.4172569,7.971302666293542
92.4591505,7.949346424303453
92.5010441,7.916778580461239
92.5429377,7.914055866828128
92.5848313,7.88239559419695
92.6267249,7.866425831541203
92.66861840000001,7.860299725866703
92.71051200000001,7.823927064255141
92.7524056,7.834521212814746
92.7942992,7.822635520608665
92.8361928,7.794291373556277
92.8780864,7.783749584874231
92.91998,7.768181247946441
92.9618736,7.757848898774635
93.0037672,7.736852587873143
93.0456607,7.721738036550873
93.08755430000001,7.713534989066499
93.1294479,7.696657655199714
93.1713415,7.691875453049249
93.2132351,7.693254263158325
93.2551287,7.691997626096889
93.2970223,7.6830789936191985
93.3389159,7.674806132964744
93.3808095,7.6739683749237875
93.422703,7.661908149792507
93.46459660000001,7.656392909356205
93.5064902,7.655537698022727
93.5483838,7.647666263096233
93.5902774,7.638503284523263
93.632171,7.634872999679115
93.6740646,7.63646124929843
93.71595819999999,7.633895615297998
93.75785180000001,7.6360249169854315
93.7997453,7.630073344236131
93.8416389,7.631661593855445
93.8835325,7.632883324331841
93.9254261,7.622428802112395
93.96731969999999,7.613684702559905
94.0092133,7.605795814340889
94.05110690000001,7.6097926183279565
94.0930005,7.605097682640092
94.13489410000001,7.59630122321004
94.1767876,7.5960917836998005
94.2186812,7.591431754596976
94.2605748,7.60270658156486
94.3024684,7.597592766856516
94.34436199999999,7.588412334991026
94.38625560000001,7.582321135901566
94.42814920000001,7.58734768414731
94.4700428,7.582478215534246
94.51193640000001,7.587836376337867
94.5538299,7.579022463615296
94.59572349999999,7.584293357956319
94.6376171,7.581431017983049
94.6795107,7.578376691792059
94.7214043,7.578271972036938
94.76329790000001,7.564606043993823
94.8051915,7.566002307395419
94.8470851,7.558619564659483
94.8889786,7.553470843366099
94.9308722,7.554168975066897
94.97276579999999,7.551236821923546
95.0146594,7.55341848348854
95.05655300000001,7.555739771393691
95.0984466,7.554168975066897
95.14034020000001,7.546559339528202
95.1822338,7.544866370153767
95.2241274,7.545826301242364
95.2660209,7.542998867854133
95.3079145,7.539368583009985
95.34980809999999,7.534917993417399
95.39170170000001,7.530065978096855
95.43359530000001,7.537972319608389
95.4754889,7.53488308683236
95.51738250000001,7.540380873976141
95.5592761,7.534760913784719
95.6011697,7.52880934103542
95.6430632,7.52233416951052
95.68495680000001,7.524934710095992
95.7268504,7.526138987279868
95.76874400000001,7.52868716798778
95.8106376,7.527308357878705
95.8525312,7.524062045469995
95.8944248,7.524777630463312
95.9363184,7.520484120503406
95.978212,7.5285999015251805
96.02010550000001,7.527133824953506
96.06199910000001,7.531479694790971
96.1038927,7.527587610559023
96.14578630000001,7.530257964314575
96.1876799,7.526383333375148
96.2295735,7.522822861701079
96.2714671,7.514515094461586
96.3133607,7.5201699612380475
96.3552543,7.524219125102674
96.39714780000001,7.523520993401876
96.43904140000001,7.5251441496062315
96.480935,7.529367846396058
96.5228286,7.526470599837747
96.5647222,7.521688397687282
96.6066158,7.527919223116902
96.6485094,7.5246554574156725
96.690403,7.530397590654734
96.7322966,7.526138987279868
96.77419010000001,7.525912094477109
96.81608370000001,7.520449213918367
96.8579773,7.511966913753674
96.8998709,7.521199705496724
96.9417645,7.525161602898752
96.9836581,7.526330973497587
97.0255517,7.518424631986053
97.0674453,7.521845477319962
97.10933890000001,7.517970846380535
97.1512324,7.514759440556865
97.193126,7.515754278230501
97.2350196,7.521252065374283
97.2769132,7.527674877021623
97.3188068,7.5286173548177
97.3607004,7.524672910708193
