Time[s],xPosition2[px],yPosition2[px]
0,0,0
0.0418936,0,0
0.0837872,0,0
0.1256808,0,0
0.1675744,0,0
0.2094679,0,0
0.2513615,0,0
0.2932551,0,0
0.3351487,0,0
0.3770423,0,0
0.4189359,0,0
0.4608295,0,0
0.5027231,0,0
0.5446167,0,0
0.5865102,0,0
0.6284038,0,0
0.6702974,0,0
0.712191,0,0
0.7540846,0,0
0.7959782,0,0
0.8378718,0,0
0.8797654,0,0
0.921659,0,0
0.9635525,0,0
1.0054461,0,0
1.0473397,0,0
1.0892333,0,0
1.1311269,0,0
1.1730205,0,0
1.2149141,0,0
1.2568077,0,0
1.2987013,0,0
1.3405948,0,0
1.3824884,0,0
1.424382,0,0
1.4662756,0,0
1.5081692,0,0
1.5500628,0,0
1.5919564,0,0
1.63385,0,0
1.6757436,0,0
1.7176371,0,0
1.7595307,0,0
1.8014243,0,0
1.8433179,0,0
1.8852115,0,0
1.9271051,0,0
1.9689987,0,0
2.0108923,0,0
2.0527859,0,0
2.0946794,0,0
2.136573,0,0
2.1784666,0,0
2.2203602,0,0
2.2622538,0,0
2.3041474,0,0
2.346041,0,0
2.3879346,0,0
2.4298282,0,0
2.4717217,0,0
2.5136153,0,0
2.5555089,0,0
2.5974025,0,0
2.6392961,0,0
2.6811897,0,0
2.7230833,0,0
2.7649769,0,0
2.8068705,0,0
2.848764,0,0
2.8906576,0,0
2.9325512,0,0
2.9744448,0,0
3.0163384,0,0
3.058232,0,0
3.1001256,0,0
3.1420192,0,0
3.1839127,0,0
3.2258063,0,0
3.2676999,0,0
3.3095935,0,0
3.3514871,0,0
3.3933807,0,0
3.4352743,0,0
3.4771679,0,0
3.5190615,0,0
3.560955,0,0
3.6028486,0,0
3.6447422,0,0
3.6866358,0,0
3.7285294,0,0
3.770423,0,0
3.8123166,0,0
3.8542102,0,0
3.8961038,0,0
3.9379973,0,0
3.9798909,0,0
4.0217845,0,0
4.0636781,0,0
4.1055717,0,0
4.1474653,0,0
4.1893589,0,0
4.2312525,0,0
4.2731461,0,0
4.3150396,0,0
4.3569332,0,0
4.3988268,0,0
4.4407204,0,0
4.482614,0,0
4.5245076,0,0
4.5664012,0,0
4.6082948,0,0
4.6501884,0,0
4.6920819,0,0
4.7339755,0,0
4.7758691,0,0
4.8177627,0,0
4.8596563,0,0
4.9015499,0,0
4.9434435,0,0
4.9853371,0,0
5.0272307,0,0
5.0691242,0,0
5.1110178,0,0
5.1529114,0,0
5.194805,0,0
5.2366986,0,0
5.2785922,0,0
5.3204858,0,0
5.3623794,0,0
5.404273,0,0
5.4461665,0,0
5.4880601,0,0
5.5299537,0,0
5.5718473,0,0
5.6137409,0,0
5.6556345,0,0
5.6975281,0,0
5.7394217,0,0
5.7813153,0,0
5.8232088,0,0
5.8651024,0,0
5.906996,0,0
5.9488896,0,0
5.9907832,0,0
6.0326768,0,0
6.0745704,0,0
6.116464,0,0
6.1583576,0,0
6.2002511,0,0
6.2421447,0,0
6.2840383,0,0
6.3259319,0,0
6.3678255,0,0
6.4097191,0,0
6.4516127,0,0
6.4935063,0,0
6.5353999,0,0
6.5772934,0,0
6.619187,0,0
6.6610806,0,0
6.7029742,0,0
6.7448678,0,0
6.7867614,0,0
6.828655,0,0
6.8705486,0,0
6.9124422,0,0
6.9543357,0,0
6.9962293,0,0
7.0381229,0,0
7.0800165,0,0
7.1219101,0,0
7.1638037,0,0
7.2056973,0,0
7.2475909,0,0
7.2894845,0,0
7.331378,0,0
7.3732716,0,0
7.4151652,0,0
7.4570588,0,0
7.4989524,0,0
7.540846,0,0
7.5827396,0,0
7.6246332,0,0
7.6665268,0,0
7.7084203,0,0
7.7503139,0,0
7.7922075,0,0
7.8341011,0,0
7.8759947,0,0
7.9178883,0,0
7.9597819,0,0
8.0016755,0,0
8.0435691,0,0
8.0854626,0,0
8.1273562,0,0
8.1692498,0,0
8.2111434,0,0
8.253037,0,0
8.2949306,0,0
8.3368242,0,0
8.3787178,0,0
8.4206114,0,0
8.4625049,0,0
8.5043985,0,0
8.5462921,0,0
8.5881857,0,0
8.6300793,0,0
8.6719729,0,0
8.7138665,0,0
8.7557601,0,0
8.7976536,0,0
8.8395472,0,0
8.8814408,0,0
8.9233344,0,0
8.965228,0,0
9.0071216,0,0
9.0490152,0,0
9.0909088,0,0
9.1328024,0,0
9.1746959,0,0
9.2165895,0,0
9.2584831,0,0
9.3003767,0,0
9.3422703,0,0
9.3841639,0,0
9.4260575,0,0
9.4679511,0,0
9.5098447,0,0
9.5517382,0,0
9.5936318,0,0
9.6355254,0,0
9.677419,0,0
9.7193126,0,0
9.7612062,0,0
9.8030998,0,0
9.8449934,0,0
9.886887,0,0
9.9287805,0,0
9.9706741,0,0
10.0125677,0,0
10.0544613,0,0
10.0963549,0,0
10.1382485,0,0
10.1801421,0,0
10.2220357,0,0
10.2639293,0,0
10.3058228,0,0
10.3477164,0,0
10.38961,0,0
10.4315036,0,0
10.4733972,0,0
10.5152908,0,0
10.5571844,0,0
10.599078,0,0
10.6409716,0,0
10.6828651,0,0
10.7247587,0,0
10.7666523,0,0
10.8085459,0,0
10.8504395,0,0
10.8923331,0,0
10.9342267,0,0
10.9761203,0,0
11.0180139,0,0
11.0599074,0,0
11.101801,0,0
11.1436946,0,0
11.1855882,0,0
11.2274818,0,0
11.2693754,0,0
11.311269,0,0
11.3531626,0,0
11.3950562,0,0
11.4369497,0,0
11.4788433,0,0
11.5207369,0,0
11.5626305,0,0
11.6045241,0,0
11.6464177,0,0
11.6883113,0,0
11.7302049,0,0
11.7720985,0,0
11.813992,0,0
11.8558856,0,0
11.8977792,0,0
11.9396728,0,0
11.9815664,0,0
12.02346,0,0
12.0653536,0,0
12.1072472,0,0
12.1491408,0,0
12.1910343,0,0
12.2329279,0,0
12.2748215,0,0
12.3167151,0,0
12.3586087,0,0
12.4005023,0,0
12.4423959,0,0
12.4842895,0,0
12.5261831,0,0
12.5680766,0,0
12.6099702,0,0
12.6518638,0,0
12.6937574,0,0
12.735651,0,0
12.7775446,0,0
12.8194382,0,0
12.8613318,0,0
12.9032254,0,0
12.9451189,0,0
12.9870125,0,0
13.0289061,0,0
13.0707997,0,0
13.1126933,0,0
13.1545869,0,0
13.1964805,0,0
13.2383741,0,0
13.2802677,0,0
13.3221612,0,0
13.3640548,0,0
13.4059484,0,0
13.447842,0,0
13.4897356,0,0
13.5316292,0,0
13.5735228,0,0
13.6154164,0,0
13.65731,0,0
13.6992035,0,0
13.7410971,0,0
13.7829907,0,0
13.8248843,0,0
13.8667779,0,0
13.9086715,0,0
13.9505651,0,0
13.9924587,0,0
14.0343523,0,0
14.0762458,0,0
14.1181394,0,0
14.160033,0,0
14.2019266,0,0
14.2438202,0,0
14.2857138,0,0
14.3276074,0,0
14.369501,0,0
14.4113945,0,0
14.4532881,0,0
14.4951817,0,0
14.5370753,0,0
14.5789689,0,0
14.6208625,0,0
14.6627561,0,0
14.7046497,0,0
14.7465433,0,0
14.7884368,0,0
14.8303304,0,0
14.872224,0,0
14.9141176,0,0
14.9560112,0,0
14.9979048,0,0
15.0397984,0,0
15.081692,0,0
15.1235856,0,0
15.1654791,0,0
15.2073727,0,0
15.2492663,0,0
15.2911599,0,0
15.3330535,0,0
15.3749471,0,0
15.4168407,0,0
15.4587343,0,0
15.5006279,0,0
15.5425214,0,0
15.584415,0,0
15.6263086,0,0
15.6682022,0,0
15.7100958,0,0
15.7519894,0,0
15.793883,0,0
15.8357766,0,0
15.8776702,0,0
15.9195637,0,0
15.9614573,0,0
16.0033509,0,0
16.0452445,0,0
16.0871381,0,0
16.1290317,0,0
16.1709253,0,0
16.2128189,0,0
16.2547125,0,0
16.296606,0,0
16.3384996,0,0
16.3803932,0,0
16.4222868,0,0
16.4641804,0,0
16.506074,0,0
16.5479676,0,0
16.5898612,0,0
16.6317548,0,0
16.6736483,0,0
16.7155419,0,0
16.7574355,0,0
16.7993291,0,0
16.8412227,0,0
16.8831163,0,0
16.9250099,0,0
16.9669035,0,0
17.0087971,0,0
17.0506906,0,0
17.0925842,0,0
17.1344778,0,0
17.1763714,0,0
17.218265,0,0
17.2601586,0,0
17.3020522,0,0
17.3439458,0,0
17.3858394,0,0
17.4277329,0,0
17.4696265,0,0
17.5115201,0,0
17.5534137,0,0
17.5953073,0,0
17.6372009,0,0
17.6790945,0,0
17.7209881,0,0
17.7628817,0,0
17.8047752,0,0
17.8466688,0,0
17.8885624,0,0
17.930456,0,0
17.9723496,0,0
18.0142432,0,0
18.0561368,0,0
18.0980304,0,0
18.139924,0,0
18.1818175,0,0
18.2237111,0,0
18.2656047,0,0
18.3074983,0,0
18.3493919,0,0
18.3912855,0,0
18.4331791,0,0
18.4750727,0,0
18.5169663,0,0
18.5588598,0,0
18.6007534,0,0
18.642647,0,0
18.6845406,0,0
18.7264342,0,0
18.7683278,0,0
18.8102214,0,0
18.852115,0,0
18.8940086,0,0
18.9359021,0,0
18.9777957,0,0
19.0196893,0,0
19.0615829,0,0
19.1034765,0,0
19.1453701,0,0
19.1872637,0,0
19.2291573,0,0
19.2710509,0,0
19.3129444,0,0
19.354838,0,0
19.3967316,0,0
19.4386252,0,0
19.4805188,0,0
19.5224124,0,0
19.564306,0,0
19.6061996,0,0
19.6480932,0,0
19.6899867,0,0
19.7318803,0,0
19.7737739,0,0
19.8156675,0,0
19.8575611,0,0
19.8994547,0,0
19.9413483,0,0
19.9832419,0,0
20.0251355,0,0
20.067029,0,0
20.1089226,0,0
20.1508162,0,0
20.1927098,0,0
20.2346034,0,0
20.276497,0,0
20.3183906,0,0
20.3602842,0,0
20.4021777,0,0
20.4440713,0,0
20.4859649,0,0
20.5278585,0,0
20.5697521,0,0
20.6116457,0,0
20.6535393,0,0
20.6954329,0,0
20.7373265,0,0
20.77922,0,0
20.8211136,0,0
20.8630072,0,0
20.9049008,0,0
20.9467944,0,0
20.988688,0,0
21.0305816,0,0
21.0724752,0,0
21.1143688,0,0
21.1562623,0,0
21.1981559,0,0
21.2400495,0,0
21.2819431,0,0
21.3238367,0,0
21.3657303,0,0
21.4076239,0,0
21.4495175,0,0
21.4914111,0,0
21.5333046,0,0
21.5751982,0,0
21.6170918,0,0
21.6589854,0,0
21.700879,0,0
21.7427726,0,0
21.7846662,0,0
21.8265598,0,0
21.8684534,0,0
21.9103469,0,0
21.9522405,0,0
21.9941341,0,0
22.0360277,0,0
22.0779213,0,0
22.1198149,0,0
22.1617085,0,0
22.2036021,0,0
22.2454957,0,0
22.2873892,0,0
22.3292828,0,0
22.3711764,0,0
22.41307,0,0
22.4549636,0,0
22.4968572,0,0
22.5387508,0,0
22.5806444,0,0
22.622538,0,0
22.6644315,0,0
22.7063251,0,0
22.7482187,0,0
22.7901123,0,0
22.8320059,0,0
22.8738995,0,0
22.9157931,0,0
22.9576867,0,0
22.9995803,0,0
23.0414738,0,0
23.0833674,0,0
23.125261,0,0
23.1671546,0,0
23.2090482,0,0
23.2509418,0,0
23.2928354,0,0
23.334729,0,0
23.3766226,0,0
23.4185161,0,0
23.4604097,0,0
23.5023033,0,0
23.5441969,0,0
23.5860905,0,0
23.6279841,0,0
23.6698777,0,0
23.7117713,0,0
23.7536649,0,0
23.7955584,0,0
23.837452,0,0
23.8793456,0,0
23.9212392,0,0
23.9631328,0,0
24.0050264,0,0
24.04692,0,0
24.0888136,0,0
24.1307072,0,0
24.1726007,0,0
24.2144943,0,0
24.2563879,0,0
24.2982815,0,0
24.3401751,0,0
24.3820687,0,0
24.4239623,0,0
24.4658559,0,0
24.5077495,0,0
24.549643,0,0
24.5915366,0,0
24.6334302,0,0
24.6753238,0,0
24.7172174,0,0
24.759111,0,0
24.8010046,0,0
24.8428982,0,0
24.8847918,0,0
24.9266853,0,0
24.9685789,0,0
25.0104725,0,0
25.0523661,0,0
25.0942597,0,0
25.1361533,0,0
25.1780469,0,0
25.2199405,0,0
25.2618341,0,0
25.3037276,0,0
25.3456212,0,0
25.3875148,0,0
25.4294084,0,0
25.471302,0,0
25.5131956,0,0
25.5550892,0,0
25.5969828,0,0
25.6388764,0,0
25.6807699,0,0
25.7226635,0,0
25.7645571,0,0
25.8064507,0,0
25.8483443,0,0
25.8902379,0,0
25.9321315,0,0
25.9740251,0,0
26.0159186,0,0
26.0578122,0,0
26.0997058,0,0
26.1415994,0,0
26.183493,0,0
26.2253866,0,0
26.2672802,0,0
26.3091738,0,0
26.3510674,0,0
26.3929609,0,0
26.4348545,0,0
26.4767481,0,0
26.5186417,0,0
26.5605353,0,0
26.6024289,0,0
26.6443225,0,0
26.6862161,0,0
26.7281097,0,0
26.7700032,0,0
26.8118968,0,0
26.8537904,0,0
26.895684,0,0
26.9375776,0,0
26.9794712,0,0
27.0213648,0,0
27.0632584,0,0
27.105152,0,0
27.1470455,0,0
27.1889391,0,0
27.2308327,0,0
27.2727263,0,0
27.3146199,0,0
27.3565135,0,0
27.3984071,0,0
27.4403007,0,0
27.4821943,0,0
27.5240878,0,0
27.5659814,0,0
27.607875,0,0
27.6497686,0,0
27.6916622,0,0
27.7335558,0,0
27.7754494,0,0
27.817343,0,0
27.8592366,0,0
27.9011301,0,0
27.9430237,0,0
27.9849173,0,0
28.0268109,0,0
28.0687045,0,0
28.1105981,0,0
28.1524917,0,0
28.1943853,0,0
28.2362789,0,0
28.2781724,0,0
28.320066,0,0
28.3619596,0,0
28.4038532,0,0
28.4457468,0,0
28.4876404,0,0
28.529534,0,0
28.5714276,0,0
28.6133212,0,0
28.6552147,0,0
28.6971083,0,0
28.7390019,0,0
28.7808955,0,0
28.8227891,0,0
28.8646827,0,0
28.9065763,0,0
28.9484699,0,0
28.9903635,0,0
29.032257,0,0
29.0741506,0,0
29.1160442,0,0
29.1579378,0,0
29.1998314,0,0
29.241725,0,0
29.2836186,0,0
29.3255122,0,0
29.3674058,0,0
29.4092993,0,0
29.4511929,0,0
29.4930865,0,0
29.5349801,0,0
29.5768737,0,0
29.6187673,0,0
29.6606609,0,0
29.7025545,0,0
29.7444481,0,0
29.7863416,0,0
29.8282352,0,0
29.8701288,0,0
29.9120224,0,0
29.953916,0,0
29.9958096,0,0
30.0377032,0,0
30.0795968,0,0
30.1214904,0,0
30.1633839,0,0
30.2052775,0,0
30.2471711,0,0
30.2890647,0,0
30.3309583,0,0
30.3728519,0,0
30.4147455,0,0
30.4566391,0,0
30.4985327,0,0
30.5404262,0,0
30.5823198,0,0
30.6242134,0,0
30.666107,0,0
30.7080006,0,0
30.7498942,0,0
30.7917878,0,0
30.8336814,0,0
30.875575,0,0
30.9174685,0,0
30.9593621,0,0
31.0012557,0,0
31.0431493,0,0
31.0850429,0,0
31.1269365,0,0
31.1688301,0,0
31.2107237,0,0
31.2526173,0,0
31.2945108,0,0
31.3364044,0,0
31.378298,0,0
31.4201916,0,0
31.4620852,0,0
31.5039788,0,0
31.5458724,0,0
31.587766,0,0
31.6296595,0,0
31.6715531,0,0
31.7134467,0,0
31.7553403,0,0
31.7972339,0,0
31.8391275,0,0
31.8810211,0,0
31.9229147,0,0
31.9648083,0,0
32.0067018,0,0
32.0485954,0,0
32.090489,0,0
32.1323826,0,0
32.1742762,0,0
32.2161698,0,0
32.2580634,0,0
32.299957,0,0
32.3418506,0,0
32.3837441,0,0
32.4256377,0,0
32.4675313,0,0
32.5094249,0,0
32.5513185,0,0
32.5932121,0,0
32.6351057,0,0
32.6769993,0,0
32.7188929,0,0
32.7607864,0,0
32.80268,0,0
32.8445736,0,0
32.8864672,0,0
32.9283608,0,0
32.9702544,0,0
33.012148,0,0
33.0540416,0,0
33.0959352,0,0
33.1378287,0,0
33.1797223,0,0
33.2216159,0,0
33.2635095,0,0
33.3054031,0,0
33.3472967,0,0
33.3891903,0,0
33.4310839,0,0
33.4729775,0,0
33.514871,0,0
33.5567646,0,0
33.5986582,0,0
33.6405518,0,0
33.6824454,0,0
33.724339,0,0
33.7662326,0,0
33.8081262,0,0
33.8500198,0,0
33.8919133,0,0
33.9338069,0,0
33.9757005,0,0
34.0175941,0,0
34.0594877,0,0
34.1013813,0,0
34.1432749,0,0
34.1851685,0,0
34.2270621,0,0
34.2689556,0,0
34.3108492,0,0
34.3527428,0,0
34.3946364,0,0
34.43653,0,0
34.4784236,0,0
34.5203172,0,0
34.5622108,0,0
34.6041044,0,0
34.6459979,0,0
34.6878915,0,0
34.7297851,0,0
34.7716787,0,0
34.8135723,0,0
34.8554659,0,0
34.8973595,0,0
34.9392531,0,0
34.9811467,0,0
35.0230402,0,0
35.0649338,0,0
35.1068274,0,0
35.148721,0,0
35.1906146,0,0
35.2325082,0,0
35.2744018,0,0
35.3162954,0,0
35.358189,0,0
35.4000825,0,0
35.4419761,0,0
35.4838697,0,0
35.5257633,0,0
35.5676569,0,0
35.6095505,0,0
35.6514441,0,0
35.6933377,0,0
35.7352313,0,0
35.7771248,0,0
35.8190184,0,0
35.860912,0,0
35.9028056,0,0
35.9446992,0,0
35.9865928,0,0
36.0284864,0,0
36.07038,0,0
36.1122736,0,0
36.1541671,0,0
36.1960607,0,0
36.2379543,0,0
36.2798479,0,0
36.3217415,0,0
36.3636351,0,0
36.4055287,0,0
36.4474223,0,0
36.4893159,0,0
36.5312094,0,0
36.573103,0,0
36.6149966,0,0
36.6568902,0,0
36.6987838,0,0
36.7406774,0,0
36.782571,0,0
36.8244646,0,0
36.8663582,0,0
36.9082517,0,0
36.9501453,0,0
36.9920389,0,0
37.0339325,0,0
37.0758261,0,0
37.1177197,0,0
37.1596133,0,0
37.2015069,0,0
37.2434005,0,0
37.285294,0,0
37.3271876,0,0
37.3690812,0,0
37.4109748,0,0
37.4528684,0,0
37.494762,0,0
37.5366556,0,0
37.5785492,0,0
37.6204427,0,0
37.6623363,0,0
37.7042299,0,0
37.7461235,0,0
37.7880171,0,0
37.8299107,0,0
37.8718043,0,0
37.9136979,0,0
37.9555915,0,0
37.997485,0,0
38.0393786,0,0
38.0812722,0,0
38.1231658,0,0
38.1650594,0,0
38.206953,0,0
38.2488466,0,0
38.2907402,0,0
38.3326338,0,0
38.3745273,0,0
38.4164209,0,0
38.4583145,0,0
38.5002081,0,0
38.5421017,0,0
38.5839953,0,0
38.6258889,0,0
38.6677825,0,0
38.7096761,0,0
38.7515696,0,0
38.7934632,0,0
38.8353568,0,0
38.8772504,0,0
38.919144,0,0
38.9610376,0,0
39.0029312,0,0
39.0448248,0,0
39.0867184,0,0
39.1286119,0,0
39.1705055,0,0
39.2123991,0,0
39.2542927,0,0
39.2961863,0,0
39.3380799,0,0
39.3799735,0,0
39.4218671,0,0
39.4637607,0,0
39.5056542,0,0
39.5475478,0,0
39.5894414,0,0
39.631335,0,0
39.6732286,0,0
39.7151222,0,0
39.7570158,0,0
39.7989094,0,0
39.840803,0,0
39.8826965,0,0
39.9245901,0,0
39.9664837,0,0
40.0083773,0,0
40.0502709,0,0
40.0921645,0,0
40.1340581,0,0
40.1759517,0,0
40.2178453,0,0
40.2597388,0,0
40.3016324,0,0
40.343526,0,0
40.3854196,0,0
40.4273132,0,0
40.4692068,0,0
40.5111004,0,0
40.552994,0,0
40.5948876,0,0
40.6367811,0,0
40.6786747,0,0
40.7205683,0,0
40.7624619,0,0
40.8043555,0,0
40.8462491,0,0
40.8881427,0,0
40.9300363,0,0
40.9719299,0,0
41.0138234,0,0
41.055717,0,0
41.0976106,0,0
41.1395042,0,0
41.1813978,0,0
41.2232914,0,0
41.265185,0,0
41.3070786,0,0
41.3489722,0,0
41.3908657,0,0
41.4327593,0,0
41.4746529,0,0
41.5165465,0,0
41.5584401,0,0
41.6003337,0,0
41.6422273,0,0
41.6841209,0,0
41.7260145,0,0
41.767908,0,0
41.8098016,0,0
41.8516952,0,0
41.8935888,0,0
41.9354824,0,0
41.977376,0,0
42.0192696,0,0
42.0611632,0,0
42.1030568,0,0
42.1449503,0,0
42.1868439,0,0
42.2287375,0,0
42.2706311,0,0
42.3125247,0,0
42.3544183,0,0
42.3963119,0,0
42.4382055,0,0
42.4800991,0,0
42.5219926,0,0
42.5638862,0,0
42.6057798,0,0
42.6476734,0,0
42.689567,0,0
42.7314606,0,0
42.7733542,0,0
42.8152478,0,0
42.8571414,0,0
42.8990349,0,0
42.9409285,0,0
42.9828221,0,0
43.0247157,0,0
43.0666093,0,0
43.1085029,0,0
43.1503965,0,0
43.1922901,0,0
43.2341836,0,0
43.2760772,0,0
43.3179708,0,0
43.3598644,0,0
43.401758,0,0
43.4436516,0,0
43.4855452,0,0
43.5274388,0,0
43.5693324,0,0
43.6112259,0,0
43.6531195,0,0
43.6950131,0,0
43.7369067,0,0
43.7788003,0,0
43.8206939,0,0
43.8625875,0,0
43.9044811,0,0
43.9463747,0,0
43.9882682,0,0
44.0301618,0,0
44.0720554,0,0
44.113949,0,0
44.1558426,0,0
44.1977362,0,0
44.2396298,0,0
44.2815234,0,0
44.323417,0,0
44.3653105,0,0
44.4072041,0,0
44.4490977,0,0
44.4909913,0,0
44.5328849,0,0
44.5747785,0,0
44.6166721,0,0
44.6585657,0,0
44.7004593,0,0
44.7423528,0,0
44.7842464,0,0
44.82614,0,0
44.8680336,0,0
44.9099272,0,0
44.9518208,0,0
44.9937144,0,0
45.035608,0,0
45.0775016,0,0
45.1193951,0,0
45.1612887,0,0
45.2031823,0,0
45.2450759,0,0
45.2869695,0,0
45.3288631,0,0
45.3707567,0,0
45.4126503,0,0
45.4545439,0,0
45.4964374,0,0
45.538331,0,0
45.5802246,0,0
45.6221182,0,0
45.6640118,0,0
45.7059054,0,0
45.747799,0,0
45.7896926,0,0
45.8315862,0,0
45.8734797,0,0
45.9153733,0,0
45.9572669,0,0
45.9991605,0,0
46.0410541,0,0
46.0829477,0,0
46.1248413,0,0
46.1667349,0,0
46.2086285,0,0
46.250522,0,0
46.2924156,0,0
46.3343092,0,0
46.3762028,0,0
46.4180964,0,0
46.45999,0,0
46.5018836,0,0
46.5437772,0,0
46.5856708,0,0
46.6275643,0,0
46.6694579,0,0
46.7113515,0,0
46.7532451,0,0
46.7951387,0,0
46.8370323,0,0
46.8789259,0,0
46.9208195,0,0
46.9627131,0,0
47.0046066,0,0
47.0465002,0,0
47.0883938,0,0
47.1302874,0,0
47.172181,0,0
47.2140746,0,0
47.2559682,0,0
47.2978618,0,0
47.3397554,0,0
47.3816489,0,0
47.4235425,0,0
47.4654361,0,0
47.5073297,0,0
47.5492233,0,0
47.5911169,0,0
47.6330105,0,0
47.6749041,0,0
47.7167977,0,0
47.7586912,0,0
47.8005848,0,0
47.8424784,0,0
47.884372,0,0
47.9262656,0,0
47.9681592,0,0
48.0100528,0,0
48.0519464,0,0
48.09384,0,0
48.1357335,0,0
48.1776271,0,0
48.2195207,0,0
48.2614143,0,0
48.3033079,0,0
48.3452015,0,0
48.3870951,0,0
48.4289887,0,0
48.4708823,0,0
48.5127758,0,0
48.5546694,0,0
48.596563,0,0
48.6384566,0,0
48.6803502,0,0
48.7222438,0,0
48.7641374,0,0
48.806031,0,0
48.8479245,0,0
48.8898181,0,0
48.9317117,0,0
48.9736053,0,0
49.0154989,0,0
49.0573925,0,0
49.0992861,0,0
49.1411797,0,0
49.1830733,0,0
49.2249668,0,0
49.2668604,0,0
49.308754,0,0
49.3506476,0,0
49.3925412,0,0
49.4344348,0,0
49.4763284,0,0
49.518222,0,0
49.5601156,0,0
49.6020091,0,0
49.6439027,0,0
49.6857963,0,0
49.7276899,0,0
49.7695835,0,0
49.8114771,0,0
49.8533707,0,0
49.8952643,0,0
49.9371579,0,0
49.9790514,0,0
50.020945,0,0
50.0628386,0,0
50.1047322,0,0
50.1466258,0,0
50.1885194,0,0
50.230413,0,0
50.2723066,0,0
50.3142002,0,0
50.3560937,0,0
50.3979873,0,0
50.4398809,0,0
50.4817745,0,0
50.5236681,0,0
50.5655617,0,0
50.6074553,0,0
50.6493489,0,0
50.6912425,0,0
50.733136,0,0
50.7750296,0,0
50.8169232,0,0
50.8588168,0,0
50.9007104,0,0
50.942604,0,0
50.9844976,0,0
51.0263912,0,0
51.0682848,0,0
51.1101783,0,0
51.1520719,0,0
51.1939655,0,0
51.2358591,0,0
51.2777527,0,0
51.3196463,0,0
51.3615399,0,0
51.4034335,0,0
51.4453271,0,0
51.4872206,0,0
51.5291142,0,0
51.5710078,0,0
51.6129014,0,0
51.654795,0,0
51.6966886,0,0
51.7385822,0,0
51.7804758,0,0
51.8223694,0,0
51.8642629,0,0
51.9061565,0,0
51.9480501,0,0
51.9899437,0,0
52.0318373,0,0
52.0737309,0,0
52.1156245,0,0
52.1575181,0,0
52.1994117,0,0
52.2413052,0,0
52.2831988,0,0
52.3250924,0,0
52.366986,0,0
52.4088796,0,0
52.4507732,0,0
52.4926668,0,0
52.5345604,0,0
52.576454,0,0
52.6183475,0,0
52.6602411,0,0
52.7021347,0,0
52.7440283,0,0
52.7859219,0,0
52.8278155,0,0
52.8697091,0,0
52.9116027,0,0
52.9534963,0,0
52.9953898,0,0
53.0372834,0,0
53.079177,0,0
53.1210706,0,0
53.1629642,0,0
53.2048578,0,0
53.2467514,0,0
53.288645,0,0
53.3305386,0,0
53.3724321,0,0
53.4143257,0,0
53.4562193,0,0
53.4981129,0,0
53.5400065,0,0
53.5819001,0,0
53.6237937,0,0
53.6656873,0,0
53.7075809,0,0
53.7494744,0,0
53.791368,0,0
53.8332616,0,0
53.8751552,0,0
53.9170488,0,0
53.9589424,0,0
54.000836,0,0
54.0427296,0,0
54.0846232,0,0
54.1265167,0,0
54.1684103,0,0
54.2103039,0,0
54.2521975,0,0
54.2940911,0,0
54.3359847,0,0
54.3778783,0,0
54.4197719,0,0
54.4616655,0,0
54.503559,0,0
54.5454526,0,0
54.5873462,0,0
54.6292398,0,0
54.6711334,0,0
54.713027,0,0
54.7549206,0,0
54.7968142,0,0
54.8387077,0,0
54.8806013,0,0
54.9224949,0,0
54.9643885,0,0
55.0062821,0,0
55.0481757,0,0
55.0900693,0,0
55.1319629,0,0
55.1738565,0,0
55.21575,0,0
55.2576436,0,0
55.2995372,0,0
55.3414308,0,0
55.3833244,0,0
55.425218,0,0
55.4671116,0,0
55.5090052,0,0
55.5508988,0,0
55.5927923,0,0
55.6346859,0,0
55.6765795,0,0
55.7184731,0,0
55.7603667,0,0
55.8022603,0,0
55.8441539,0,0
55.8860475,0,0
55.9279411,0,0
55.9698346,0,0
56.0117282,0,0
56.0536218,0,0
56.0955154,0,0
56.137409,0,0
56.1793026,0,0
56.2211962,0,0
56.2630898,0,0
56.3049834,0,0
56.3468769,0,0
56.3887705,0,0
56.4306641,0,0
56.4725577,0,0
56.5144513,0,0
56.5563449,0,0
56.5982385,0,0
56.6401321,0,0
56.6820257,0,0
56.7239192,0,0
56.7658128,0,0
56.8077064,0,0
56.8496,0,0
56.8914936,0,0
56.9333872,0,0
56.9752808,0,0
57.0171744,0,0
57.059068,0,0
57.1009615,0,0
57.1428551,0,0
57.1847487,0,0
57.2266423,0,0
57.2685359,0,0
57.3104295,0,0
57.3523231,0,0
57.3942167,0,0
57.4361103,0,0
57.4780038,0,0
57.5198974,0,0
57.561791,0,0
57.6036846,0,0
57.6455782,0,0
57.6874718,0,0
57.7293654,0,0
57.771259,0,0
57.8131526,0,0
57.8550461,0,0
57.8969397,0,0
57.9388333,0,0
57.9807269,0,0
58.0226205,0,0
58.0645141,0,0
58.1064077,0,0
58.1483013,0,0
58.1901949,0,0
58.2320884,0,0
58.273982,0,0
58.3158756,0,0
58.3577692,0,0
58.3996628,0,0
58.4415564,0,0
58.48345,0,0
58.5253436,0,0
58.5672372,0,0
58.6091307,0,0
58.6510243,0,0
58.6929179,0,0
58.7348115,0,0
58.7767051,0,0
58.8185987,0,0
58.8604923,0,0
58.9023859,0,0
58.9442795,0,0
58.986173,0,0
59.0280666,0,0
59.0699602,0,0
59.1118538,0,0
59.1537474,0,0
59.195641,0,0
59.2375346,0,0
59.2794282,0,0
59.3213218,0,0
59.3632153,0,0
59.4051089,0,0
59.4470025,0,0
59.4888961,0,0
59.5307897,0,0
59.5726833,0,0
59.6145769,0,0
59.6564705,0,0
59.6983641,0,0
59.7402576,0,0
59.7821512,0,0
59.8240448,0,0
59.8659384,0,0
59.907832,0,0
59.9497256,0,0
59.9916192,0,0
60.0335128,0,0
60.0754064,0,0
60.1172999,0,0
60.1591935,0,0
60.2010871,0,0
60.2429807,0,0
60.2848743,0,0
60.3267679,0,0
60.3686615,0,0
60.4105551,0,0
60.4524486,0,0
60.4943422,0,0
60.5362358,0,0
60.5781294,0,0
60.620023,0,0
60.6619166,0,0
60.7038102,0,0
60.7457038,0,0
60.7875974,0,0
60.8294909,0,0
60.8713845,0,0
60.9132781,0,0
60.9551717,0,0
60.9970653,0,0
61.0389589,0,0
61.0808525,0,0
61.1227461,0,0
61.1646397,0,0
61.2065332,0,0
61.2484268,0,0
61.2903204,0,0
61.332214,0,0
61.3741076,0,0
61.4160012,0,0
61.4578948,0,0
61.4997884,0,0
61.541682,0,0
61.5835755,0,0
61.6254691,0,0
61.6673627,0,0
61.7092563,0,0
61.7511499,0,0
61.7930435,0,0
61.8349371,0,0
61.8768307,0,0
61.9187243,0,0
61.9606178,0,0
62.0025114,0,0
62.044405,0,0
62.0862986,0,0
62.1281922,0,0
62.1700858,0,0
62.2119794,0,0
62.253873,0,0
62.2957666,0,0
62.3376601,0,0
62.3795537,0,0
62.4214473,0,0
62.4633409,0,0
62.5052345,0,0
62.5471281,0,0
62.5890217,0,0
62.6309153,0,0
62.6728089,0,0
62.7147024,0,0
62.756596,0,0
62.7984896,0,0
62.8403832,0,0
62.8822768,0,0
62.9241704,0,0
62.966064,0,0
63.0079576,0,0
63.0498512,0,0
63.0917447,0,0
63.1336383,0,0
63.1755319,0,0
63.2174255,0,0
63.2593191,0,0
63.3012127,0,0
63.3431063,0,0
63.3849999,0,0
63.4268935,0,0
63.468787,0,0
63.5106806,0,0
63.5525742,0,0
63.5944678,0,0
63.6363614,0,0
63.678255,0,0
63.7201486,0,0
63.7620422,0,0
63.8039358,0,0
63.8458293,0,0
63.8877229,0,0
63.9296165,0,0
63.9715101,0,0
64.0134037,0,0
64.0552973,0,0
64.0971909,0,0
64.1390845,0,0
64.1809781,0,0
64.2228716,0,0
64.2647652,0,0
64.3066588,0,0
64.3485524,0,0
64.390446,0,0
64.4323396,0,0
64.4742332,0,0
64.5161268,0,0
64.5580204,0,0
64.5999139,0,0
64.6418075,0,0
64.6837011,0,0
64.7255947,0,0
64.7674883,0,0
64.8093819,0,0
64.8512755,0,0
64.8931691,0,0
64.9350627,0,0
64.9769562,0,0
65.0188498,0,0
65.0607434,0,0
65.102637,0,0
65.1445306,0,0
65.1864242,0,0
65.2283178,0,0
65.2702114,0,0
65.312105,0,0
65.3539985,0,0
65.3958921,0,0
65.4377857,0,0
65.4796793,0,0
65.5215729,0,0
65.5634665,0,0
65.6053601,0,0
65.6472537,0,0
65.6891473,0,0
65.7310408,0,0
65.7729344,0,0
65.814828,0,0
65.8567216,0,0
65.8986152,0,0
65.9405088,0,0
65.9824024,0,0
66.024296,0,0
66.0661895,0,0
66.1080831,0,0
66.1499767,0,0
66.1918703,0,0
66.2337639,0,0
66.2756575,0,0
66.3175511,0,0
66.3594447,0,0
66.4013383,0,0
66.4432318,0,0
66.4851254,0,0
66.527019,0,0
66.5689126,0,0
66.6108062,0,0
66.6526998,0,0
66.6945934,0,0
66.736487,0,0
66.7783806,0,0
66.8202741,0,0
66.8621677,0,0
66.9040613,0,0
66.9459549,0,0
66.9878485,0,0
67.0297421,0,0
67.0716357,0,0
67.1135293,0,0
67.1554229,0,0
67.1973164,0,0
67.23921,0,0
67.2811036,0,0
67.3229972,0,0
67.3648908,0,0
67.4067844,0,0
67.448678,0,0
67.4905716,0,0
67.5324652,0,0
67.5743587,0,0
67.6162523,0,0
67.6581459,0,0
67.7000395,0,0
67.7419331,0,0
67.7838267,0,0
67.8257203,0,0
67.8676139,0,0
67.9095075,0,0
67.951401,0,0
67.9932946,0,0
68.0351882,0,0
68.0770818,0,0
68.1189754,0,0
68.160869,0,0
68.2027626,0,0
68.2446562,0,0
68.2865498,0,0
68.3284433,0,0
68.3703369,0,0
68.4122305,0,0
68.4541241,0,0
68.4960177,0,0
68.5379113,0,0
68.5798049,0,0
68.6216985,0,0
68.6635921,0,0
68.7054856,0,0
68.7473792,0,0
68.7892728,0,0
68.8311664,0,0
68.87306,0,0
68.9149536,0,0
68.9568472,0,0
68.9987408,0,0
69.0406344,0,0
69.0825279,0,0
69.1244215,0,0
69.1663151,0,0
69.2082087,0,0
69.2501023,0,0
69.2919959,0,0
69.3338895,0,0
69.3757831,0,0
69.4176767,0,0
69.4595702,0,0
69.5014638,0,0
69.5433574,0,0
69.585251,0,0
69.6271446,0,0
69.6690382,0,0
69.7109318,0,0
69.7528254,0,0
69.794719,0,0
69.8366125,0,0
69.8785061,0,0
69.9203997,0,0
69.9622933,0,0
70.0041869,0,0
70.0460805,0,0
70.0879741,0,0
70.1298677,0,0
70.1717613,0,0
70.2136548,0,0
70.2555484,0,0
70.297442,0,0
70.3393356,0,0
70.3812292,0,0
70.4231228,0,0
70.4650164,0,0
70.50691,0,0
70.5488036,0,0
70.5906971,0,0
70.6325907,0,0
70.6744843,0,0
70.7163779,0,0
70.7582715,0,0
70.8001651,0,0
70.8420587,0,0
70.8839523,0,0
70.9258459,0,0
70.9677394,0,0
71.009633,0,0
71.0515266,0,0
71.0934202,0,0
71.1353138,0,0
71.1772074,0,0
71.219101,0,0
71.2609946,0,0
71.3028882,0,0
71.3447817,0,0
71.3866753,0,0
71.4285689,0,0
71.4704625,0,0
71.5123561,0,0
71.5542497,0,0
71.5961433,0,0
71.6380369,0,0
71.6799305,0,0
71.721824,0,0
71.7637176,0,0
71.8056112,0,0
71.8475048,0,0
71.8893984,0,0
71.931292,0,0
71.9731856,0,0
72.0150792,0,0
72.0569727,0,0
72.0988663,0,0
72.1407599,0,0
72.1826535,0,0
72.2245471,0,0
72.2664407,0,0
72.3083343,0,0
72.3502279,0,0
72.3921215,0,0
72.434015,0,0
72.4759086,0,0
72.5178022,0,0
72.5596958,0,0
72.6015894,0,0
72.643483,0,0
72.6853766,0,0
72.7272702,0,0
72.7691638,0,0
72.8110573,0,0
72.8529509,0,0
72.8948445,0,0
72.9367381,0,0
72.9786317,0,0
73.0205253,0,0
73.0624189,0,0
73.1043125,0,0
73.1462061,0,0
73.1880996,0,0
73.2299932,0,0
73.2718868,0,0
73.3137804,0,0
73.355674,0,0
73.3975676,0,0
73.4394612,0,0
73.4813548,0,0
73.5232484,0,0
73.5651419,0,0
73.6070355,0,0
73.6489291,0,0
73.6908227,0,0
73.7327163,0,0
73.7746099,0,0
73.8165035,0,0
73.8583971,0,0
73.9002907,0,0
73.9421842,0,0
73.9840778,0,0
74.0259714,0,0
74.067865,0,0
74.1097586,0,0
74.1516522,0,0
74.1935458,0,0
74.2354394,0,0
74.277333,0,0
74.3192265,0,0
74.3611201,0,0
74.4030137,0,0
74.4449073,0,0
74.4868009,0,0
74.5286945,0,0
74.5705881,0,0
74.6124817,0,0
74.6543753,0,0
74.6962688,0,0
74.7381624,0,0
74.780056,0,0
74.8219496,0,0
74.8638432,0,0
74.9057368,0,0
74.9476304,0,0
74.989524,0,0
75.0314176,0,0
75.0733111,0,0
75.1152047,0,0
75.1570983,0,0
75.1989919,0,0
75.2408855,0,0
75.2827791,0,0
75.3246727,0,0
75.3665663,0,0
75.4084599,0,0
75.4503534,0,0
75.492247,0,0
75.5341406,0,0
75.5760342,0,0
75.6179278,0,0
75.6598214,0,0
75.701715,0,0
75.7436086,0,0
75.7855022,0,0
75.8273957,0,0
75.8692893,0,0
75.9111829,0,0
75.9530765,0,0
75.9949701,0,0
76.0368637,0,0
76.0787573,0,0
76.1206509,0,0
76.1625445,0,0
76.204438,0,0
76.2463316,0,0
76.2882252,0,0
76.3301188,0,0
76.3720124,0,0
76.413906,0,0
76.4557996,0,0
76.4976932,0,0
76.5395868,0,0
76.5814803,0,0
76.6233739,0,0
76.6652675,0,0
76.7071611,0,0
76.7490547,0,0
76.7909483,0,0
76.8328419,0,0
76.8747355,0,0
76.9166291,0,0
76.9585226,0,0
77.0004162,0,0
77.0423098,0,0
77.0842034,0,0
77.126097,0,0
77.1679906,0,0
77.2098842,0,0
77.2517778,0,0
77.2936714,0,0
77.3355649,0,0
77.3774585,0,0
77.4193521,0,0
77.4612457,0,0
77.5031393,0,0
77.5450329,0,0
77.5869265,0,0
77.6288201,0,0
77.6707136,0,0
77.7126072,0,0
77.7545008,0,0
77.7963944,0,0
77.838288,0,0
77.8801816,0,0
77.9220752,0,0
77.9639688,0,0
78.0058624,0,0
78.0477559,0,0
78.0896495,0,0
78.1315431,0,0
78.1734367,0,0
78.2153303,0,0
78.2572239,0,0
78.2991175,0,0
78.3410111,0,0
78.3829047,0,0
78.4247982,0,0
78.4666918,0,0
78.5085854,0,0
78.550479,0,0
78.5923726,0,0
78.6342662,0,0
78.6761598,0,0
78.7180534,0,0
78.759947,0,0
78.8018405,0,0
78.8437341,0,0
78.8856277,0,0
78.9275213,0,0
78.9694149,0,0
79.0113085,0,0
79.0532021,0,0
79.0950957,0,0
79.1369893,0,0
79.1788828,0,0
79.2207764,0,0
79.26267,0,0
79.3045636,0,0
79.3464572,0,0
79.3883508,0,0
79.4302444,0,0
79.472138,0,0
79.5140316,0,0
79.5559251,0,0
79.5978187,0,0
79.6397123,0,0
79.6816059,0,0
79.7234995,0,0
79.7653931,0,0
79.8072867,0,0
79.8491803,0,0
79.8910739,0,0
79.9329674,0,0
79.974861,0,0
80.0167546,0,0
80.0586482,0,0
80.1005418,0,0
80.1424354,0,0
80.184329,0,0
80.2262226,0,0
80.2681162,0,0
80.3100097,0,0
80.3519033,0,0
80.3937969,0,0
80.4356905,0,0
80.4775841,0,0
80.5194777,0,0
80.5613713,0,0
80.6032649,0,0
80.6451585,0,0
80.687052,0,0
80.7289456,0,0
80.7708392,0,0
80.8127328,0,0
80.8546264,0,0
80.89652,0,0
80.9384136,0,0
80.9803072,0,0
81.0222008,0,0
81.0640943,0,0
81.1059879,0,0
81.1478815,0,0
81.1897751,0,0
81.2316687,0,0
81.2735623,0,0
81.3154559,0,0
81.3573495,0,0
81.3992431,0,0
81.4411366,0,0
81.4830302,0,0
81.5249238,0,0
81.5668174,0,0
81.608711,0,0
81.6506046,0,0
81.6924982,0,0
81.7343918,0,0
81.7762854,0,0
81.8181789,0,0
81.8600725,0,0
81.9019661,0,0
81.9438597,0,0
81.9857533,0,0
82.0276469,0,0
82.0695405,0,0
82.1114341,0,0
82.1533277,0,0
82.1952212,0,0
82.2371148,0,0
82.2790084,0,0
82.320902,0,0
82.3627956,0,0
82.4046892,0,0
82.4465828,0,0
82.4884764,0,0
82.53037,0,0
82.5722635,0,0
82.6141571,0,0
82.6560507,0,0
82.6979443,0,0
82.7398379,0,0
82.7817315,0,0
82.8236251,0,0
82.8655187,0,0
82.9074123,0,0
82.9493058,0,0
82.9911994,0,0
83.033093,0,0
83.0749866,0,0
83.1168802,0,0
83.1587738,0,0
83.2006674,0,0
83.242561,0,0
83.2844545,0,0
83.3263481,0,0
83.3682417,0,0
83.4101353,0,0
83.4520289,0,0
83.4939225,0,0
83.5358161,0,0
83.5777097,0,0
83.6196033,0,0
83.6614968,0,0
83.7033904,0,0
83.745284,0,0
83.7871776,0,0
83.8290712,0,0
83.8709648,0,0
83.9128584,0,0
83.954752,0,0
83.9966456,0,0
84.0385391,0,0
84.0804327,0,0
84.1223263,0,0
84.1642199,0,0
84.2061135,0,0
84.2480071,0,0
84.2899007,0,0
84.3317943,0,0
84.3736879,0,0
84.4155814,0,0
84.457475,0,0
84.4993686,0,0
84.5412622,0,0
84.5831558,0,0
84.6250494,0,0
84.666943,0,0
84.7088366,0,0
84.7507302,0,0
84.7926237,0,0
84.8345173,0,0
84.8764109,0,0
84.9183045,0,0
84.9601981,0,0
85.0020917,0,0
85.0439853,0,0
85.0858789,0,0
85.1277725,0,0
85.169666,0,0
85.2115596,0,0
85.2534532,0,0
85.2953468,0,0
85.3372404,0,0
85.379134,0,0
85.4210276,0,0
85.4629212,0,0
85.5048148,0,0
85.5467083,0,0
85.5886019,0,0
85.6304955,0,0
85.6723891,0,0
85.7142827,0,0
85.7561763,0,0
85.7980699,0,0
85.8399635,0,0
85.8818571,0,0
85.9237506,0,0
85.9656442,0,0
86.0075378,0,0
86.0494314,0,0
86.091325,0,0
86.1332186,0,0
86.1751122,0,0
86.2170058,0,0
86.2588994,0,0
86.3007929,0,0
86.3426865,0,0
86.3845801,0,0
86.4264737,0,0
86.4683673,0,0
86.5102609,0,0
86.5521545,0,0
86.5940481,0,0
86.6359417,0,0
86.6778352,0,0
86.7197288,0,0
86.7616224,0,0
86.803516,0,0
86.8454096,0,0
86.8873032,0,0
86.9291968,0,0
86.9710904,0,0
87.012984,0,0
87.0548775,0,0
87.0967711,0,0
87.1386647,0,0
87.1805583,0,0
87.2224519,0,0
87.2643455,0,0
87.3062391,0,0
87.3481327,0,0
87.3900263,0,0
87.4319198,0,0
87.4738134,0,0
87.515707,0,0
87.5576006,0,0
87.5994942,0,0
87.6413878,0,0
87.6832814,0,0
87.725175,0,0
87.7670686,0,0
87.8089621,0,0
87.8508557,0,0
87.8927493,0,0
87.9346429,0,0
87.9765365,0,0
88.0184301,0,0
88.0603237,0,0
88.1022173,0,0
88.1441109,0,0
88.1860044,0,0
88.227898,0,0
88.2697916,0,0
88.3116852,0,0
88.3535788,0,0
88.3954724,0,0
88.437366,0,0
88.4792596,0,0
88.5211532,0,0
88.5630467,0,0
88.6049403,0,0
88.6468339,0,0
88.6887275,0,0
88.7306211,0,0
88.7725147,0,0
88.8144083,0,0
88.8563019,0,0
88.8981955,0,0
88.940089,0,0
88.9819826,0,0
89.0238762,0,0
89.0657698,0,0
89.1076634,0,0
89.149557,0,0
89.1914506,0,0
89.2333442,0,0
89.2752377,0,0
89.3171313,0,0
89.3590249,0,0
89.4009185,0,0
89.4428121,0,0
89.4847057,0,0
89.5265993,0,0
89.5684929,0,0
89.6103865,0,0
89.65228,0,0
89.6941736,0,0
89.7360672,0,0
89.7779608,0,0
89.8198544,0,0
89.861748,0,0
89.9036416,0,0
89.9455352,0,0
89.9874288,0,0
90.0293223,0,0
90.0712159,0,0
90.1131095,0,0
90.1550031,0,0
90.1968967,0,0
90.2387903,0,0
90.2806839,0,0
90.3225775,0,0
90.3644711,0,0
90.4063646,0,0
90.4482582,0,0
90.4901518,0,0
90.5320454,0,0
90.573939,0,0
90.6158326,0,0
90.6577262,0,0
90.6996198,0,0
90.7415134,0,0
90.7834069,0,0
90.8253005,0,0
90.8671941,0,0
90.9090877,0,0
90.9509813,0,0
90.9928749,0,0
91.0347685,0,0
91.0766621,0,0
91.1185557,0,0
91.1604492,0,0
91.2023428,0,0
91.2442364,0,0
91.28613,0,0
91.3280236,0,0
91.3699172,0,0
91.4118108,0,0
91.4537044,0,0
91.495598,0,0
91.5374915,0,0
91.5793851,0,0
91.6212787,0,0
91.6631723,0,0
91.7050659,0,0
91.7469595,0,0
91.7888531,0,0
91.8307467,0,0
91.8726403,0,0
91.9145338,0,0
91.9564274,0,0
91.998321,0,0
92.0402146,0,0
92.0821082,0,0
92.1240018,0,0
92.1658954,0,0
92.207789,0,0
92.2496826,0,0
92.2915761,0,0
92.3334697,0,0
92.3753633,0,0
92.4172569,0,0
92.4591505,0,0
92.5010441,0,0
92.5429377,0,0
92.5848313,0,0
92.6267249,0,0
92.6686184,0,0
92.710512,0,0
92.7524056,0,0
92.7942992,0,0
92.8361928,0,0
92.8780864,0,0
92.91998,0,0
92.9618736,0,0
93.0037672,0,0
93.0456607,0,0
93.0875543,0,0
93.1294479,0,0
93.1713415,0,0
93.2132351,0,0
93.2551287,0,0
93.2970223,0,0
93.3389159,0,0
93.3808095,0,0
93.422703,0,0
93.4645966,0,0
93.5064902,0,0
93.5483838,0,0
93.5902774,0,0
93.632171,0,0
93.6740646,0,0
93.7159582,0,0
93.7578518,0,0
93.7997453,0,0
93.8416389,0,0
93.8835325,0,0
93.9254261,0,0
93.9673197,0,0
94.0092133,0,0
94.0511069,0,0
94.0930005,0,0
94.1348941,0,0
94.1767876,0,0
94.2186812,0,0
94.2605748,0,0
94.3024684,0,0
94.344362,0,0
94.3862556,0,0
94.4281492,0,0
94.4700428,0,0
94.5119364,0,0
94.5538299,0,0
94.5957235,0,0
94.6376171,0,0
94.6795107,0,0
94.7214043,0,0
94.7632979,0,0
94.8051915,0,0
94.8470851,0,0
94.8889786,0,0
94.9308722,0,0
94.9727658,0,0
95.0146594,0,0
95.056553,0,0
95.0984466,0,0
95.1403402,0,0
95.1822338,0,0
95.2241274,0,0
95.2660209,0,0
95.3079145,0,0
95.3498081,0,0
95.3917017,0,0
95.4335953,0,0
95.4754889,0,0
95.5173825,0,0
95.5592761,0,0
95.6011697,0,0
95.6430632,0,0
95.6849568,0,0
95.7268504,0,0
95.768744,0,0
95.8106376,0,0
95.8525312,0,0
95.8944248,0,0
95.9363184,0,0
95.978212,0,0
96.0201055,0,0
96.0619991,0,0
96.1038927,0,0
96.1457863,0,0
96.1876799,0,0
96.2295735,0,0
96.2714671,0,0